lad_code,lad_name,first_year,last_year,n_years,jti_first,jti_last,jti_delta,trend_label,component_emissions_last,component_transport_last,component_deprivation_last,jti_last_percentile,component_emissions_percentile,component_transport_percentile,component_deprivation_percentile,jti_last_rank,component_emissions_rank,component_transport_rank,component_deprivation_rank,priority_group,cluster_id,cluster_label
E06000001,Hartlepool,2005,2023,19,19.18076652480041,15.458861450088444,-3.7219050747119677,Worsening,12.888951681479394,14.306866143985523,19.18076652480041,12.89308176100629,45.911949685534594,38.05031446540881,9.688581314878892,278,173,198,262,High Priority,4.0,Transition Laggards
E06000002,Middlesbrough,2005,2023,19,14.05074690602369,15.352962165282293,1.3022152592586025,Improving,12.592625566411424,19.41551402341176,14.05074690602369,11.949685534591195,39.937106918238996,60.062893081761004,4.844290657439446,281,192,128,276,High Priority,4.0,Transition Laggards
E06000003,Redcar and Cleveland,2005,2023,19,28.004447324905968,18.417630579263776,-9.586816745642192,Worsening,13.563848849771059,13.6845955631143,28.004447324905968,25.157232704402517,61.94968553459119,35.84905660377358,20.415224913494807,239,122,205,231,High Priority,4.0,Transition Laggards
E06000004,Stockton-on-Tees,2005,2023,19,40.78778796670359,23.655427375680464,-17.132360591023126,Worsening,14.603738818102268,15.574755342235534,40.78778796670359,46.540880503144656,87.10691823899371,41.19496855345912,37.0242214532872,171,42,188,183,High Priority,4.0,Transition Laggards
E06000005,Darlington,2005,2023,19,34.7442605204948,21.415720648749588,-13.32853987174521,Worsening,12.867968694434811,16.634932731319154,34.7442605204948,39.937106918238996,44.9685534591195,44.9685534591195,30.44982698961938,192,176,176,202,High Priority,4.0,Transition Laggards
E06000006,Halton,2005,2023,19,20.442946697422514,17.170997481070216,-3.271949216352297,Worsening,14.084321916312323,16.985723829475816,20.442946697422514,20.125786163522015,78.30188679245283,46.855345911949684,10.034602076124568,255,70,170,261,High Priority,4.0,Transition Laggards
E06000007,Warrington,2005,2023,19,53.78565130467355,32.941198971208316,-20.844452333465235,Worsening,14.381708624824373,30.656236984127023,53.78565130467355,71.38364779874213,83.9622641509434,86.79245283018868,55.017301038062286,92,52,43,131,High Priority,1.0,Emerging Improvers
E06000008,Blackburn with Darwen,2005,2023,19,14.063183922311545,11.890279122733117,-2.1729047995784274,Worsening,13.252178637969283,8.355474807918522,14.063183922311545,4.716981132075472,53.459119496855344,15.40880503144654,5.190311418685121,304,149,270,275,High Priority,2.0,Stable Mid-Performers
E06000009,Blackpool,2005,2023,19,0.0,6.486007402459108,6.486007402459108,Improving,12.220137780101439,7.237884427275882,0.0,0.628930817610063,30.50314465408805,11.320754716981133,0.34602076124567477,317,222,283,289,High Priority,2.0,Stable Mid-Performers
E06000010,"Kingston upon Hull, City of",2005,2023,19,7.689776688635654,9.59363920085921,1.9038625122235562,Improving,11.170130362943514,9.92101055099846,7.689776688635654,2.515723270440252,17.61006289308176,21.069182389937108,2.768166089965398,311,263,252,282,High Priority,2.0,Stable Mid-Performers
E06000011,East Riding of Yorkshire,2005,2023,19,62.69365375855895,34.04499638734935,-28.6486573712096,Worsening,15.482313639436324,23.95902176405277,62.69365375855895,74.84276729559748,93.39622641509435,74.52830188679245,69.20415224913495,81,22,82,90,High Priority,1.0,Emerging Improvers
E06000012,North East Lincolnshire,2005,2023,19,27.021087232073214,18.04873396856209,-8.972353263511124,Worsening,13.563701192270042,13.561413481343013,27.021087232073214,23.270440251572328,61.63522012578616,35.22012578616352,19.377162629757784,245,123,207,234,High Priority,4.0,Transition Laggards
E06000013,North Lincolnshire,2005,2023,19,42.149340968482704,32.037000777144485,-10.11234019133822,Worsening,25.422685346504398,28.538976016446348,42.149340968482704,68.86792452830188,99.37106918238993,83.64779874213836,39.44636678200692,100,3,53,176,High Priority,1.0,Emerging Improvers
E06000014,York,2005,2023,19,75.30122498695485,33.59046998771219,-41.71075499924266,Worsening,12.541741689502004,12.92844328667972,75.30122498695485,73.58490566037736,37.10691823899371,33.0188679245283,87.19723183391004,85,201,214,38,High Priority,0.0,Transition Leaders
E06000015,Derby,2005,2023,19,36.75664514790752,21.333908763083908,-15.422736384823612,Worsening,11.119548230034724,16.125532911309474,36.75664514790752,39.308176100628934,16.352201257861633,42.45283018867924,33.56401384083045,194,267,184,193,High Priority,3.0,High-Deprivation Barriers
E06000016,Leicester,2005,2023,19,17.915904821619776,12.67886611272304,-5.237038708896735,Worsening,10.959214616904532,9.161478899644813,17.915904821619776,6.289308176100629,13.522012578616351,18.867924528301888,7.26643598615917,299,276,259,269,High Priority,2.0,Stable Mid-Performers
E06000017,Rutland,2005,2023,19,86.20168150167333,48.63898961973154,-37.562691881941795,Worsening,18.10372042359101,41.61156693393027,86.20168150167333,99.37106918238993,98.74213836477988,97.16981132075472,94.4636678200692,3,5,10,17,High Priority,1.0,Emerging Improvers
E06000018,Nottingham,2005,2023,19,9.09438047222163,11.23943413089782,2.14505365867619,Improving,12.76069839647893,11.863223523992904,9.09438047222163,3.459119496855346,42.45283018867924,28.930817610062892,3.4602076124567476,308,184,227,280,High Priority,2.0,Stable Mid-Performers
E06000019,"Herefordshire, County of",2005,2023,19,44.691397185265004,27.271895849017188,-17.419501336247816,Worsening,14.865907217368143,22.258383144418413,44.691397185265004,57.23270440251572,88.9937106918239,70.44025157232704,43.944636678200695,137,36,95,163,High Priority,1.0,Emerging Improvers
E06000020,Telford and Wrekin,2005,2023,19,35.21062725300725,21.948926135974897,-13.261701117032356,Worsening,13.970547234789041,16.665603920128394,35.21062725300725,41.509433962264154,74.52830188679245,45.28301886792453,31.4878892733564,187,82,175,199,High Priority,4.0,Transition Laggards
E06000021,Stoke-on-Trent,2005,2023,19,14.734798118516949,12.76064301023687,-1.974155108280078,Worsening,12.071923858376863,11.475207053816806,14.734798118516949,6.60377358490566,27.9874213836478,27.358490566037734,5.536332179930796,298,230,232,274,High Priority,2.0,Stable Mid-Performers
E06000022,Bath and North East Somerset,2005,2023,19,74.12807034725103,32.63054373588971,-41.497526611361316,Worsening,11.478106021686092,12.285454838731997,74.12807034725103,70.12578616352201,20.440251572327046,30.81761006289308,85.46712802768167,96,254,221,43,High Priority,0.0,Transition Leaders
E06000023,"Bristol, City of",2005,2023,19,32.55945991932099,18.31977484213728,-14.239685077183712,Worsening,12.058047223579482,10.34181738351137,32.55945991932099,24.528301886792452,27.044025157232703,22.955974842767297,27.68166089965398,241,233,246,210,High Priority,2.0,Stable Mid-Performers
E06000024,North Somerset,2005,2023,19,64.25225558527706,34.54699874112558,-29.705256844151478,Worsening,14.200530361832381,25.1882102762673,64.25225558527706,76.72955974842768,80.50314465408806,77.04402515723271,71.97231833910035,75,63,74,82,High Priority,1.0,Emerging Improvers
E06000025,South Gloucestershire,2005,2023,19,74.05994082989506,39.91213776230472,-34.14780306759034,Worsening,13.839557101953925,31.836915355065177,74.05994082989506,87.73584905660378,70.75471698113208,88.67924528301887,85.12110726643598,40,94,37,44,High Priority,1.0,Emerging Improvers
E06000026,Plymouth,2005,2023,19,30.85269551779801,18.0898097058244,-12.76288581197361,Worsening,10.90210539949378,12.51462820018141,30.85269551779801,23.89937106918239,11.635220125786164,31.446540880503143,24.91349480968858,243,282,219,218,High Priority,2.0,Stable Mid-Performers
E06000027,Torbay,2005,2023,19,25.52394148123465,15.467660416033716,-10.056281065200935,Worsening,10.956444802541412,9.922594964325086,25.52394148123465,13.20754716981132,13.20754716981132,21.38364779874214,16.608996539792386,277,277,251,242,High Priority,2.0,Stable Mid-Performers
E06000030,Swindon,2005,2023,19,53.95404003804961,28.13523692137854,-25.818803116671074,Worsening,12.349059540264154,18.102611185821857,53.95404003804961,60.691823899371066,33.33333333333333,53.144654088050316,55.36332179930796,126,213,150,130,High Priority,3.0,High-Deprivation Barriers
E06000031,Peterborough,2005,2023,19,26.919055135776837,19.95224140995249,-6.966813725824348,Worsening,13.922699099913313,19.014969994167316,26.919055135776837,31.132075471698112,72.95597484276729,58.80503144654088,18.685121107266436,220,87,132,236,High Priority,4.0,Transition Laggards
E06000032,Luton,2005,2023,19,28.64345110122911,15.964907268174889,-12.678543833054222,Worsening,12.073918200284925,7.17735250301063,28.64345110122911,15.723270440251572,28.30188679245283,11.0062893081761,21.79930795847751,269,229,284,227,High Priority,2.0,Stable Mid-Performers
E06000033,Southend-on-Sea,2005,2023,19,45.01737054119805,20.921893577254504,-24.095476963943543,Worsening,10.880930716865596,6.867379473699869,45.01737054119805,36.79245283018868,11.0062893081761,8.80503144654088,44.636678200692046,202,284,291,161,High Priority,3.0,High-Deprivation Barriers
E06000034,Thurrock,2005,2023,19,42.09236984576347,26.953223575506552,-15.13914627025692,Worsening,12.978226416535218,25.789074464220963,42.09236984576347,56.60377358490566,47.79874213836478,78.9308176100629,39.10034602076124,139,167,68,177,High Priority,4.0,Transition Laggards
E06000035,Medway,2005,2023,19,36.38146909568108,19.248429818913063,-17.133039276768013,Worsening,12.051464750688787,9.312355610369327,36.38146909568108,28.30188679245283,26.10062893081761,19.18238993710692,33.21799307958477,229,236,258,194,High Priority,2.0,Stable Mid-Performers
E06000036,Bracknell Forest,2005,2023,19,79.14939819613284,34.3037031679575,-44.845695028175335,Worsening,13.247507780538772,10.514203527200884,79.14939819613284,75.47169811320755,53.144654088050316,23.58490566037736,89.27335640138409,79,150,244,32,High Priority,0.0,Transition Leaders
E06000037,West Berkshire,2005,2023,19,81.1218589236697,45.06870986216097,-36.053149061508734,Worsening,13.490195263697114,40.59407539911608,81.1218589236697,97.79874213836479,58.80503144654088,96.85534591194968,91.00346020761245,8,132,11,27,High Priority,1.0,Emerging Improvers
E06000038,Reading,2005,2023,19,45.355806808599425,21.220610350964737,-24.135196457634688,Worsening,12.026077159646654,6.279947084648138,45.355806808599425,38.36477987421384,25.157232704402517,7.861635220125786,45.32871972318339,197,239,294,159,High Priority,3.0,High-Deprivation Barriers
E06000039,Slough,2005,2023,19,30.52459419083928,17.534599780475336,-12.989994410363945,Worsening,12.3750933979711,9.704111752615624,30.52459419083928,21.69811320754717,33.64779874213836,20.125786163522015,24.567474048442904,250,212,255,219,High Priority,2.0,Stable Mid-Performers
E06000040,Windsor and Maidenhead,2005,2023,19,87.55830649444758,40.98364765662705,-46.57465883782053,Worsening,12.543821594350035,22.84881488108353,87.55830649444758,90.88050314465409,37.42138364779874,72.0125786163522,95.50173010380622,30,200,90,14,High Priority,0.0,Transition Leaders
E06000041,Wokingham,2005,2023,19,99.25730102975572,43.11186870832682,-56.145432321428906,Worsening,12.37754208796013,17.70076300726459,99.25730102975572,96.54088050314465,33.9622641509434,50.314465408805034,99.65397923875432,12,211,159,2,High Priority,0.0,Transition Leaders
E06000042,Milton Keynes,2005,2023,19,53.69966188800056,28.049009796377494,-25.65065209162307,Worsening,12.468425287957853,17.978942213174076,53.69966188800056,60.37735849056604,36.16352201257861,51.257861635220124,54.67128027681662,127,204,156,132,High Priority,3.0,High-Deprivation Barriers
E06000043,Brighton and Hove,2005,2023,19,45.45959927318586,21.716487272855485,-23.743112000330374,Worsening,10.808566083651154,8.881296461729434,45.45959927318586,41.19496855345912,9.748427672955975,17.29559748427673,45.674740484429066,188,288,264,158,High Priority,3.0,High-Deprivation Barriers
E06000044,Portsmouth,2005,2023,19,27.195134242425603,17.21215665262403,-9.982977589801571,Worsening,12.962845529973176,11.47849018547332,27.195134242425603,20.440251572327046,46.855345911949684,27.67295597484277,19.72318339100346,254,170,231,233,High Priority,4.0,Transition Laggards
E06000045,Southampton,2005,2023,19,25.51800975338064,15.395621765692782,-10.122387987687857,Worsening,13.188734545817315,7.4801209978803955,25.51800975338064,12.578616352201259,51.57232704402516,12.578616352201259,16.26297577854671,279,155,279,243,High Priority,2.0,Stable Mid-Performers
E06000046,Isle of Wight,2005,2023,19,31.76959571741537,16.904071609983912,-14.865524107431458,Worsening,11.143192298538455,7.799426813997905,31.76959571741537,18.867924528301888,17.29559748427673,14.150943396226415,25.951557093425603,259,264,274,215,High Priority,2.0,Stable Mid-Performers
E06000047,County Durham,2005,2023,19,27.353080987573478,19.609852022191106,-7.743228965382372,Worsening,13.97715681421511,17.49931826478473,27.353080987573478,29.559748427672954,75.15723270440252,49.056603773584904,20.069204152249135,225,80,163,232,High Priority,4.0,Transition Laggards
E06000049,Cheshire East,2005,2023,19,67.25022930593826,36.20986486411712,-31.04036444182114,Worsening,14.75855741172126,26.620807874691845,67.25022930593826,81.76100628930818,88.36477987421384,81.44654088050315,74.74048442906575,59,38,60,74,High Priority,1.0,Emerging Improvers
E06000050,Cheshire West and Chester,2005,2023,19,55.2462755314738,31.530049248891206,-23.716226282582593,Worsening,15.811494670174948,23.532377545024875,55.2462755314738,67.9245283018868,95.9119496855346,73.89937106918238,57.785467128027676,103,14,84,123,High Priority,1.0,Emerging Improvers
E06000051,Shropshire,2005,2023,19,50.60218250594282,29.24579440200789,-21.356388103934933,Worsening,15.230023322752839,21.90517737732801,50.60218250594282,63.52201257861635,91.19496855345912,69.49685534591194,52.24913494809689,117,29,98,139,High Priority,1.0,Emerging Improvers
E06000052,Cornwall,2005,2023,19,31.63430484732107,21.22689636450914,-10.407408482811928,Worsening,13.115806754202158,18.930577492004204,31.63430484732107,38.67924528301887,50.0,57.861635220125784,25.60553633217993,196,160,135,216,High Priority,4.0,Transition Laggards
E06000053,Isles of Scilly,2005,2023,19,69.22684618037344,23.12347682169373,-46.103369358679714,Worsening,0.0,0.14358428470774243,69.22684618037344,45.28301886792453,0.3144654088050315,0.3144654088050315,77.85467128027682,175,318,318,65,High Priority,3.0,High-Deprivation Barriers
E06000054,Wiltshire,2005,2023,19,66.23578640563477,34.94535082510968,-31.29043558052509,Worsening,14.355064269705682,24.245201799988585,66.23578640563477,78.30188679245283,82.70440251572327,75.47169811320755,73.35640138408304,70,56,79,78,High Priority,1.0,Emerging Improvers
E06000055,Bedford,2005,2023,19,49.17733584479238,25.135915225346043,-24.04142061944634,Worsening,11.238907249988827,14.991502581256931,49.17733584479238,50.62893081761006,18.238993710691823,39.62264150943396,50.17301038062284,158,261,193,145,High Priority,3.0,High-Deprivation Barriers
E06000056,Central Bedfordshire,2005,2023,19,73.630576700007,37.71241571418318,-35.91816098582382,Worsening,13.96214920458348,25.544521237959067,73.630576700007,84.90566037735849,74.21383647798741,78.30188679245283,84.08304498269896,49,83,70,47,High Priority,1.0,Emerging Improvers
E06000057,Northumberland,2005,2023,19,43.68229737283376,25.626187779811982,-18.056109593021777,Worsening,13.224435078172615,19.971830888429572,43.68229737283376,52.51572327044025,52.51572327044025,61.63522012578616,41.17647058823529,152,152,123,171,High Priority,4.0,Transition Laggards
E06000058,"Bournemouth, Christchurch and Poole",2005,2023,19,52.72366805328403,24.95248905549919,-27.77117899778484,Worsening,12.026540409753348,10.10725870346019,52.72366805328403,49.685534591194966,25.471698113207548,22.0125786163522,53.979238754325266,161,238,249,134,High Priority,3.0,High-Deprivation Barriers
E06000059,Dorset,2005,2023,19,59.06815153264267,30.690677892782986,-28.377473639859687,Worsening,12.340563501789727,20.66331864391655,59.06815153264267,65.72327044025157,32.70440251572327,64.15094339622641,62.9757785467128,110,215,115,108,High Priority,0.0,Transition Leaders
E06000060,Buckinghamshire,2005,2023,19,,19.098292421131127,,Unknown,14.056262981399218,24.140321860863036,,27.9874213836478,77.35849056603774,74.84276729559748,,230,73,81,,High Priority,,Unassigned
E06000061,North Northamptonshire,2005,2023,19,,17.22273936478105,,Unknown,11.907561276421745,22.537917453140352,,20.754716981132077,23.58490566037736,71.38364779874213,,253,244,92,,High Priority,,Unassigned
E06000062,West Northamptonshire,2005,2023,19,,23.855931727498493,,Unknown,14.33968074665695,33.37218270834004,,47.16981132075472,82.0754716981132,89.30817610062893,,169,58,35,,Medium Priority,,Unassigned
E06000063,Cumberland,2005,2023,19,,17.05395154873457,,Unknown,15.294279012976407,18.813624084492734,,19.18238993710692,91.82389937106919,56.91823899371069,,258,27,138,,High Priority,,Unassigned
E06000064,Westmorland and Furness,2005,2023,19,,26.79329589781252,,Unknown,16.710999938976567,36.87559185664847,,55.9748427672956,97.48427672955975,93.71069182389937,,141,9,21,,Medium Priority,,Unassigned
E06000065,North Yorkshire,2005,2023,19,,23.629091911282682,,Unknown,15.703498054727543,31.55468576783782,,46.22641509433962,94.33962264150944,88.36477987421384,,172,19,38,,Medium Priority,,Unassigned
E06000066,Somerset,2005,2023,19,,20.550497449652973,,Unknown,14.769042601545454,26.331952297760488,,34.59119496855346,88.67924528301887,80.18867924528303,,209,37,64,,Medium Priority,,Unassigned
E07000008,Cambridge,2005,2023,19,59.15801571412149,26.125982036701345,-33.032033677420145,Worsening,13.87703012949412,5.342900266488423,59.15801571412149,54.71698113207547,71.69811320754717,4.40251572327044,63.32179930795848,145,91,305,107,High Priority,3.0,High-Deprivation Barriers
E07000009,East Cambridgeshire,2005,2023,19,73.2287348342692,39.3566823351496,-33.872052499119604,Worsening,16.08828415925824,28.753028011921355,73.2287348342692,86.79245283018868,96.54088050314465,84.59119496855347,83.73702422145328,43,12,50,48,High Priority,1.0,Emerging Improvers
E07000010,Fenland,2005,2023,19,25.479033340908757,20.105383537040115,-5.373649803868641,Worsening,16.691954754376983,18.14516251583461,25.479033340908757,32.075471698113205,97.16981132075472,53.459119496855344,15.916955017301039,217,10,149,244,High Priority,4.0,Transition Laggards
E07000011,Huntingdonshire,2005,2023,19,70.61744634642857,42.23310085838418,-28.38434548804439,Worsening,15.764254219364542,40.317602009359426,70.61744634642857,94.0251572327044,95.59748427672956,96.22641509433963,80.62283737024222,20,15,13,57,High Priority,1.0,Emerging Improvers
E07000012,South Cambridgeshire,2005,2023,19,86.35926312030017,46.569933234032646,-39.789329886267524,Worsening,15.045671493173781,38.30486508862398,86.35926312030017,99.05660377358491,90.25157232704403,94.65408805031447,94.80968858131487,4,32,18,16,High Priority,1.0,Emerging Improvers
E07000032,Amber Valley,2005,2023,19,51.69690586390149,27.392372647868054,-24.304533216033438,Worsening,12.19977701517475,18.280435064527918,51.69690586390149,57.54716981132076,30.18867924528302,55.0314465408805,52.94117647058824,136,223,144,137,High Priority,3.0,High-Deprivation Barriers
E07000033,Bolsover,2005,2023,19,28.320901254699457,29.006386533703154,0.6854852790036965,Improving,15.585616710117737,43.11264163629228,28.320901254699457,62.893081761006286,93.71069182389937,97.79874213836479,21.10726643598616,119,21,8,229,Medium Priority,4.0,Transition Laggards
E07000034,Chesterfield,2005,2023,19,33.56471016768101,20.36503652956901,-13.199673638111996,Worsening,13.024787632524355,14.505611788501675,33.56471016768101,33.64779874213836,48.742138364779876,38.67924528301887,28.719723183391004,212,164,196,207,High Priority,4.0,Transition Laggards
E07000035,Derbyshire Dales,2005,2023,19,73.17223788517771,40.94377459838349,-32.22846328679422,Worsening,13.663791802070751,35.995294107902005,73.17223788517771,90.56603773584906,66.35220125786164,92.76729559748428,83.39100346020761,31,108,24,49,High Priority,1.0,Emerging Improvers
E07000036,Erewash,2005,2023,19,52.05590625471348,28.782487745053533,-23.273418509659944,Worsening,12.869878928527271,21.421678051919855,52.05590625471348,61.94968553459119,45.28301886792453,67.29559748427673,53.63321799307958,122,175,105,135,High Priority,1.0,Emerging Improvers
E07000037,High Peak,2005,2023,19,59.585754713920096,33.8407633979463,-25.7449913159738,Worsening,23.683377895467654,18.25315758445115,59.585754713920096,74.21383647798741,99.05660377358491,54.71698113207547,64.01384083044984,83,4,145,105,High Priority,1.0,Emerging Improvers
E07000038,North East Derbyshire,2005,2023,19,55.61499929570394,31.256879463982248,-24.35811983172169,Worsening,13.231334184741858,24.92430491150095,55.61499929570394,66.98113207547169,52.83018867924528,76.41509433962264,58.13148788927336,106,151,76,122,High Priority,1.0,Emerging Improvers
E07000039,South Derbyshire,2005,2023,19,63.34613635568225,35.103506057214716,-28.24263029846753,Worsening,13.370433459581964,28.59394835637994,63.34613635568225,78.61635220125787,56.91823899371069,83.9622641509434,69.55017301038062,69,138,52,89,High Priority,1.0,Emerging Improvers
E07000040,East Devon,2005,2023,19,68.53875259686517,34.7353941354028,-33.803358461462366,Worsening,14.09953886569669,21.567890943646535,68.53875259686517,77.35849056603774,78.9308176100629,68.55345911949685,76.8166089965398,73,68,101,68,High Priority,1.0,Emerging Improvers
E07000041,Exeter,2005,2023,19,56.99656407986143,25.539168112538494,-31.457395967322935,Worsening,12.627730182763354,6.993210074990695,56.99656407986143,51.886792452830186,41.509433962264154,9.433962264150944,59.86159169550172,154,187,289,117,High Priority,3.0,High-Deprivation Barriers
E07000042,Mid Devon,2005,2023,19,49.25522906707788,33.17059719399224,-16.084631873085634,Worsening,14.696738304178492,35.55982421072037,49.25522906707788,72.64150943396226,87.73584905660378,92.13836477987421,50.51903114186851,88,40,26,144,High Priority,1.0,Emerging Improvers
E07000043,North Devon,2005,2023,19,41.1913814021205,25.03048164919491,-16.160899752925587,Worsening,13.521385341613485,20.378678203850743,41.1913814021205,50.314465408805034,59.74842767295597,63.83647798742138,38.062283737024224,159,129,116,180,High Priority,4.0,Transition Laggards
E07000044,South Hams,2005,2023,19,64.15856305609161,34.79668443452458,-29.36187862156703,Worsening,13.703768929006724,26.527721318475407,64.15856305609161,77.67295597484278,67.9245283018868,80.81761006289308,71.62629757785467,72,103,62,83,High Priority,1.0,Emerging Improvers
E07000045,Teignbridge,2005,2023,19,57.33175150049213,33.09408837210962,-24.237663128382515,Worsening,12.87800258328831,29.072511032548423,57.33175150049213,71.69811320754717,45.59748427672956,85.53459119496856,60.207612456747405,91,174,47,116,High Priority,1.0,Emerging Improvers
E07000046,Torridge,2005,2023,19,29.86213230933957,21.147662740689587,-8.714469568649985,Worsening,14.383781909882284,19.1970740028469,29.86213230933957,38.05031446540881,84.27672955974843,59.43396226415094,23.52941176470588,198,51,130,222,High Priority,4.0,Transition Laggards
E07000047,West Devon,2005,2023,19,45.691722834156806,32.12771771115238,-13.564005123004428,Worsening,14.558655689736025,36.132774609564315,45.691722834156806,69.49685534591194,86.47798742138365,93.08176100628931,46.02076124567474,98,44,23,157,High Priority,1.0,Emerging Improvers
E07000061,Eastbourne,2005,2023,19,38.93169490527614,18.630377904241026,-20.301317001035112,Worsening,10.877321812551124,6.082116994895819,38.93169490527614,26.10062893081761,10.377358490566039,7.232704402515723,35.6401384083045,236,286,296,187,High Priority,2.0,Stable Mid-Performers
E07000062,Hastings,2005,2023,19,12.653231600879579,9.454700442249498,-3.1985311586300806,Worsening,9.573891961826863,6.136977764042055,12.653231600879579,2.20125786163522,1.8867924528301887,7.547169811320755,4.498269896193772,312,313,295,277,High Priority,2.0,Stable Mid-Performers
E07000063,Lewes,2005,2023,19,57.91497205574963,28.437086376381753,-29.477885679367876,Worsening,11.323496236608918,16.07279083678671,57.91497205574963,61.63522012578616,19.18238993710692,41.82389937106918,61.245674740484425,123,258,186,113,High Priority,3.0,High-Deprivation Barriers
E07000064,Rother,2005,2023,19,44.188116639303246,25.338346142197533,-18.849770497105713,Worsening,12.586526860873072,19.240394926416275,44.188116639303246,50.943396226415096,39.308176100628934,59.74842767295597,43.25259515570934,157,194,129,165,High Priority,3.0,High-Deprivation Barriers
E07000065,Wealden,2005,2023,19,70.3182235624883,34.19720991395421,-36.12101364853409,Worsening,11.321612869110808,20.95179331026353,70.3182235624883,75.15723270440252,18.867924528301888,64.77987421383648,79.93079584775087,80,259,113,59,High Priority,0.0,Transition Leaders
E07000066,Basildon,2005,2023,19,40.83358128980963,22.406804252954917,-18.426777036854713,Worsening,11.77703009694418,14.60980137211094,40.83358128980963,43.08176100628931,22.32704402515723,38.9937106918239,37.37024221453287,182,248,195,182,High Priority,3.0,High-Deprivation Barriers
E07000067,Braintree,2005,2023,19,60.368854407866806,31.49573211380316,-28.873122294063645,Worsening,12.80100639574514,21.317335537797536,60.368854407866806,67.61006289308176,43.39622641509434,66.66666666666666,65.39792387543253,104,181,107,101,High Priority,1.0,Emerging Improvers
E07000068,Brentwood,2005,2023,19,80.240808143935,42.47708246914453,-37.76372567479047,Worsening,13.182562035183349,34.00787722831524,80.240808143935,94.9685534591195,51.257861635220124,90.56603773584906,90.65743944636678,17,156,31,28,High Priority,0.0,Transition Leaders
E07000069,Castle Point,2005,2023,19,55.194531541739096,25.669059931853123,-29.525471609885972,Worsening,10.682111494038857,11.13053675978141,55.194531541739096,53.144654088050316,7.547169811320755,25.471698113207548,57.43944636678201,150,295,238,124,High Priority,3.0,High-Deprivation Barriers
E07000070,Chelmsford,2005,2023,19,72.81376487212128,35.54073805595131,-37.273026816169974,Worsening,12.463421319082403,21.34502797665024,72.81376487212128,80.18867924528303,35.53459119496855,66.98113207547169,83.04498269896193,64,206,106,50,High Priority,0.0,Transition Leaders
E07000071,Colchester,2005,2023,19,54.29606813860501,27.578958679362845,-26.717109459242163,Worsening,11.986035517438992,16.454772382044542,54.29606813860501,59.11949685534591,24.842767295597483,44.0251572327044,55.70934256055363,131,240,179,129,High Priority,3.0,High-Deprivation Barriers
E07000072,Epping Forest,2005,2023,19,61.03959623042256,40.86806631448636,-20.171529915936198,Worsening,14.125570976023784,47.43903173701273,61.03959623042256,90.25157232704403,79.24528301886792,99.37106918238993,66.43598615916954,32,67,3,98,High Priority,1.0,Emerging Improvers
E07000073,Harlow,2005,2023,19,34.555765014456675,19.459535861902157,-15.096229152554518,Worsening,12.589100818555462,11.233741752694332,34.555765014456675,29.245283018867923,39.62264150943396,26.41509433962264,29.757785467128027,226,193,235,204,High Priority,2.0,Stable Mid-Performers
E07000074,Maldon,2005,2023,19,62.468370213877606,29.30445407996567,-33.16391613391194,Worsening,11.482197829991147,13.962794196028263,62.468370213877606,63.83647798742138,21.069182389937108,37.735849056603776,68.5121107266436,116,252,199,92,High Priority,3.0,High-Deprivation Barriers
E07000075,Rochford,2005,2023,19,79.74178990412325,33.55425980165413,-46.18753010246912,Worsening,9.951172418902942,10.969817081936199,79.74178990412325,73.27044025157232,2.8301886792452833,24.842767295597483,90.3114186851211,86,310,240,29,High Priority,0.0,Transition Leaders
E07000076,Tendring,2005,2023,19,21.257589966066348,15.83666904959189,-5.420920916474458,Worsening,10.115926358775816,16.13649082393351,21.257589966066348,14.465408805031446,4.088050314465408,43.08176100628931,11.072664359861593,273,306,182,258,High Priority,2.0,Stable Mid-Performers
E07000077,Uttlesford,2005,2023,19,83.102641173445,50.395744567424856,-32.70689660602014,Worsening,15.280885197662034,52.80370733116752,83.102641173445,99.68553459119497,91.50943396226415,99.68553459119497,93.07958477508652,2,28,2,21,High Priority,1.0,Emerging Improvers
E07000078,Cheltenham,2005,2023,19,67.95760409620088,28.97203758578145,-38.98556651041943,Worsening,12.104843159740089,6.853665501403383,67.95760409620088,62.264150943396224,28.930817610062892,8.49056603773585,75.77854671280276,121,227,292,71,High Priority,3.0,High-Deprivation Barriers
E07000079,Cotswold,2005,2023,19,75.40626433971396,41.37645305720481,-34.029811282509144,Worsening,13.806216756826803,34.91687807507368,75.40626433971396,91.82389937106919,69.49685534591194,91.50943396226415,87.5432525951557,27,98,28,37,High Priority,1.0,Emerging Improvers
E07000080,Forest of Dean,2005,2023,19,46.29790798557457,27.106547810546413,-19.191360175028155,Worsening,13.913376474336697,21.10835897172797,46.29790798557457,56.91823899371069,72.64150943396226,66.0377358490566,46.36678200692042,138,88,109,156,High Priority,1.0,Emerging Improvers
E07000081,Gloucester,2005,2023,19,44.66733154129173,21.430686196899682,-23.23664534439205,Worsening,12.081304450939186,7.54342259846812,44.66733154129173,40.25157232704403,28.61635220125786,12.89308176100629,43.59861591695502,191,228,278,164,High Priority,3.0,High-Deprivation Barriers
E07000082,Stroud,2005,2023,19,77.22780091235794,41.414103704782775,-35.81369720757516,Worsening,13.47635686209738,33.53815333989301,77.22780091235794,92.13836477987421,58.490566037735846,89.937106918239,88.58131487889274,26,133,33,34,High Priority,1.0,Emerging Improvers
E07000083,Tewkesbury,2005,2023,19,72.71037310128665,41.792491440435754,-30.917881660850895,Worsening,13.582712702212742,39.084388517807874,72.71037310128665,93.71069182389937,63.20754716981132,95.28301886792453,82.69896193771626,21,118,16,51,High Priority,1.0,Emerging Improvers
E07000084,Basingstoke and Deane,2005,2023,19,70.51924914943717,36.75587202052608,-33.763377128911095,Worsening,13.950490019157467,25.797876892983577,70.51924914943717,82.70440251572327,73.89937106918238,79.24528301886792,80.27681660899654,56,84,67,58,High Priority,1.0,Emerging Improvers
E07000085,East Hampshire,2005,2023,19,79.23369399121206,38.62470716101863,-40.60898683019344,Worsening,11.439917701278283,25.200509790565533,79.23369399121206,85.84905660377359,20.125786163522015,77.35849056603774,89.61937716262976,46,255,73,31,High Priority,0.0,Transition Leaders
E07000086,Eastleigh,2005,2023,19,81.15524635036265,37.074967636844654,-44.08027871351799,Worsening,12.464926188637811,17.604730371533513,81.15524635036265,83.64779874213836,35.84905660377358,50.0,91.34948096885813,53,205,160,26,High Priority,0.0,Transition Leaders
E07000087,Fareham,2005,2023,19,85.46273463358955,38.78078316489518,-46.681951468694365,Worsening,13.534916034060853,17.344698827035142,85.46273463358955,86.47798742138365,60.37735849056604,48.42767295597484,94.11764705882352,44,127,165,18,High Priority,0.0,Transition Leaders
E07000088,Gosport,2005,2023,19,44.98025487744995,20.195983746423547,-24.784271131026404,Worsening,9.902711440231784,5.7049849215889035,44.98025487744995,32.70440251572327,2.515723270440252,5.9748427672955975,44.29065743944637,215,311,300,162,High Priority,3.0,High-Deprivation Barriers
E07000089,Hart,2005,2023,19,100.0,45.21958714892477,-54.78041285107523,Worsening,13.621162908171069,22.03759853860321,100.0,98.11320754716981,64.46540880503144,70.12578616352201,100.0,7,114,96,1,High Priority,0.0,Transition Leaders
E07000090,Havant,2005,2023,19,43.82285800856208,22.59116949274974,-21.23168851581234,Worsening,12.157824980002577,11.792825489684557,43.82285800856208,44.0251572327044,29.245283018867923,28.30188679245283,41.86851211072664,179,226,229,169,High Priority,3.0,High-Deprivation Barriers
E07000091,New Forest,2005,2023,19,68.39793591236986,36.14480526602747,-32.25313064634239,Worsening,14.051729937752054,25.9847499479605,68.39793591236986,81.44654088050315,77.04402515723271,79.87421383647799,76.12456747404845,60,74,65,70,High Priority,1.0,Emerging Improvers
E07000092,Rushmoor,2005,2023,19,59.53903475903918,27.500833957302934,-32.03820080173625,Worsening,11.029125689321173,11.934341423548446,59.53903475903918,58.17610062893082,14.465408805031446,29.559748427672954,63.667820069204154,134,273,225,106,High Priority,3.0,High-Deprivation Barriers
E07000093,Test Valley,2005,2023,19,74.26007398385921,40.50912281734014,-33.75095116651907,Worsening,14.489923934499576,32.77737053366163,74.26007398385921,89.30817610062893,86.16352201257862,88.9937106918239,85.81314878892734,35,45,36,42,High Priority,1.0,Emerging Improvers
E07000094,Winchester,2005,2023,19,82.22464665783144,43.113191745906136,-39.11145491192531,Worsening,13.175268943829327,33.93965963605763,82.22464665783144,96.85534591194968,50.62893081761006,90.25157232704403,92.38754325259517,11,158,32,23,High Priority,0.0,Transition Leaders
E07000095,Broxbourne,2005,2023,19,50.461139994060176,24.27900014458146,-26.182139849478716,Worsening,10.878866704374364,11.496993735309836,50.461139994060176,48.42767295597484,10.69182389937107,27.9874213836478,51.55709342560554,165,285,230,141,High Priority,3.0,High-Deprivation Barriers
E07000096,Dacorum,2005,2023,19,69.57232717759719,32.84528368518457,-36.72704349241262,Worsening,12.555137240702837,16.408386637253688,69.57232717759719,70.75471698113208,38.05031446540881,43.710691823899374,78.54671280276817,94,198,180,63,High Priority,0.0,Transition Leaders
E07000098,Hertsmere,2005,2023,19,64.78629310405185,36.03415669377412,-28.75213641027773,Worsening,11.885768363548141,31.430408613722374,64.78629310405185,81.13207547169812,22.955974842767297,88.0503144654088,72.31833910034602,61,246,39,81,High Priority,0.0,Transition Leaders
E07000099,North Hertfordshire,2005,2023,19,73.77302554407117,35.93505100203105,-37.83797454204012,Worsening,14.025066373432924,20.00706108858907,73.77302554407117,80.81761006289308,76.72955974842768,61.94968553459119,84.42906574394463,62,75,122,46,High Priority,1.0,Emerging Improvers
E07000102,Three Rivers,2005,2023,19,81.96970152383318,42.88683706059214,-39.08286446324104,Worsening,11.97588557307143,34.71492408487181,81.96970152383318,96.22641509433963,24.21383647798742,91.19496855345912,91.6955017301038,13,242,29,25,High Priority,0.0,Transition Leaders
E07000103,Watford,2005,2023,19,58.252969351439944,25.59140956881954,-32.6615597826204,Worsening,11.40778977199967,7.113469583018998,58.252969351439944,52.20125786163522,19.81132075471698,10.69182389937107,61.93771626297578,153,256,285,111,High Priority,3.0,High-Deprivation Barriers
E07000105,Ashford,2005,2023,19,48.31710362622725,27.72777459480741,-20.58932903141984,Worsening,13.820848549025438,21.045371609169536,48.31710362622725,59.43396226415094,70.12578616352201,65.40880503144653,48.78892733564014,130,96,111,149,High Priority,1.0,Emerging Improvers
E07000106,Canterbury,2005,2023,19,53.54384053424232,26.00237135917007,-27.54146917507225,Worsening,11.082170029965564,13.381103513302321,53.54384053424232,54.088050314465406,15.723270440251572,34.59119496855346,54.325259515570934,147,269,209,133,High Priority,3.0,High-Deprivation Barriers
E07000107,Dartford,2005,2023,19,47.95797349600187,30.39482627627562,-17.56314721972625,Worsening,12.806638728723275,30.41986660410171,47.95797349600187,64.77987421383648,43.710691823899374,86.47798742138365,47.75086505190311,113,180,44,152,High Priority,1.0,Emerging Improvers
E07000108,Dover,2005,2023,19,38.640946176288615,21.244953180218705,-17.39599299606991,Worsening,11.48034198627845,13.613571378089052,38.640946176288615,38.9937106918239,20.754716981132077,35.53459119496855,35.294117647058826,195,253,206,188,High Priority,3.0,High-Deprivation Barriers
E07000109,Gravesham,2005,2023,19,43.04245597482151,23.96486385704127,-19.077592117780238,Worsening,13.322701788643325,15.529433807658982,43.04245597482151,47.79874213836478,55.34591194968554,40.88050314465409,40.13840830449827,167,143,189,174,High Priority,4.0,Transition Laggards
E07000110,Maidstone,2005,2023,19,57.9101284172269,30.484349141302417,-27.425779275924484,Worsening,12.696901157853414,20.846017848826932,57.9101284172269,65.40880503144653,42.138364779874216,64.46540880503144,60.89965397923876,111,185,114,114,High Priority,1.0,Emerging Improvers
E07000111,Sevenoaks,2005,2023,19,70.131735235345,42.315062244780584,-27.81667299056442,Worsening,13.313676669174878,43.499774829821874,70.131735235345,94.33962264150944,54.71698113207547,98.11320754716981,79.23875432525952,19,145,7,61,High Priority,1.0,Emerging Improvers
E07000112,Folkestone and Hythe,2005,2023,19,32.546436924803906,20.90258206773719,-11.643854857066717,Worsening,12.622912651525194,17.538396626882474,32.546436924803906,36.477987421383645,41.19496855345912,49.37106918238994,27.33564013840831,203,188,162,211,High Priority,4.0,Transition Laggards
E07000113,Swale,2005,2023,19,29.658608919098235,21.62380676738825,-8.034802151709986,Worsening,13.614677872496326,21.5981335105702,29.658608919098235,40.88050314465409,63.83647798742138,68.86792452830188,23.18339100346021,189,116,100,223,High Priority,4.0,Transition Laggards
E07000114,Thanet,2005,2023,19,22.494406738501375,13.63854344927624,-8.855863289225136,Worsening,10.011942150079769,8.409281459247573,22.494406738501375,9.433962264150944,3.459119496855346,15.723270440251572,13.148788927335639,289,308,269,252,High Priority,2.0,Stable Mid-Performers
E07000115,Tonbridge and Malling,2005,2023,19,68.63765915910898,36.834195080690414,-31.803464078418564,Worsening,13.204338411304459,28.660587671657794,68.63765915910898,83.01886792452831,52.20125786163522,84.27672955974843,77.16262975778547,55,153,51,67,High Priority,1.0,Emerging Improvers
E07000116,Tunbridge Wells,2005,2023,19,74.86008722058669,33.14150443062946,-41.71858278995723,Worsening,10.766204177560258,13.79822189374142,74.86008722058669,72.32704402515722,8.80503144654088,36.79245283018868,86.159169550173,89,291,202,41,High Priority,0.0,Transition Leaders
E07000117,Burnley,2005,2023,19,12.121299782957024,12.803556642597334,0.6822568596403098,Improving,13.165773310737219,13.123596834097754,12.121299782957024,7.232704402515723,50.314465408805034,34.276729559748425,4.1522491349480966,296,159,210,278,High Priority,4.0,Transition Laggards
E07000118,Chorley,2005,2023,19,58.05946058206018,33.808662435030186,-24.250798147029997,Worsening,14.295691355281438,29.07083536774893,58.05946058206018,73.89937106918238,81.13207547169812,85.22012578616352,61.5916955017301,84,61,48,112,High Priority,1.0,Emerging Improvers
E07000119,Fylde,2005,2023,19,58.36642204516484,31.047803584859945,-27.318618460304894,Worsening,14.591271408658837,20.185717300756153,58.36642204516484,66.66666666666666,86.79245283018868,63.20754716981132,62.28373702422145,107,43,118,110,High Priority,1.0,Emerging Improvers
E07000120,Hyndburn,2005,2023,19,16.387363091310377,15.576907566361308,-0.8104555249490684,Worsening,13.884389278483479,16.45897032929007,16.387363091310377,13.836477987421384,72.0125786163522,44.339622641509436,5.88235294117647,275,90,178,273,High Priority,4.0,Transition Laggards
E07000121,Lancaster,2005,2023,19,38.04802651099034,25.51649251528043,-12.53153399570991,Worsening,15.026081268000741,23.47536976685021,38.04802651099034,51.57232704402516,89.937106918239,73.58490566037736,34.602076124567475,155,33,85,190,High Priority,4.0,Transition Laggards
E07000122,Pendle,2005,2023,19,22.214033917802396,16.053890772760678,-6.160143145041719,Worsening,13.268642624344341,12.678995776135292,22.214033917802396,16.352201257861633,53.77358490566038,31.761006289308174,12.802768166089965,267,148,218,253,High Priority,4.0,Transition Laggards
E07000123,Preston,2005,2023,19,25.841827308751327,19.253201295147676,-6.588626013603651,Worsening,13.838428888546812,18.07934768814489,25.841827308751327,28.61635220125786,70.44025157232704,52.83018867924528,16.955017301038062,228,95,151,241,High Priority,4.0,Transition Laggards
E07000124,Ribble Valley,2005,2023,19,79.06349359447188,38.60814471648549,-40.45534887798639,Worsening,17.11428750139687,19.64665305358772,79.06349359447188,85.53459119496856,98.11320754716981,60.691823899371066,88.92733564013841,47,7,126,33,High Priority,1.0,Emerging Improvers
E07000125,Rossendale,2005,2023,19,31.77202912512753,20.37497235734426,-11.397056767783273,Worsening,12.071363413205447,17.2815245336998,31.77202912512753,33.9622641509434,27.358490566037734,47.79874213836478,26.297577854671278,211,232,167,214,High Priority,4.0,Transition Laggards
E07000126,South Ribble,2005,2023,19,60.910763977555135,32.093811641822434,-28.8169523357327,Worsening,14.184918709341748,21.18575223857042,60.910763977555135,69.18238993710692,80.18867924528303,66.35220125786164,66.08996539792388,99,64,108,99,High Priority,1.0,Emerging Improvers
E07000127,West Lancashire,2005,2023,19,54.56327951535849,29.20114363787644,-25.362135877482046,Worsening,15.478921674318496,17.561229723952337,54.56327951535849,63.20754716981132,93.08176100628931,49.685534591194966,56.40138408304498,118,23,161,127,High Priority,1.0,Emerging Improvers
E07000128,Wyre,2005,2023,19,45.25270076883221,26.069321167765562,-19.18337960106665,Worsening,14.927368218528283,18.02789451593619,45.25270076883221,54.40251572327044,89.30817610062893,52.20125786163522,44.982698961937714,146,35,153,160,High Priority,4.0,Transition Laggards
E07000129,Blaby,2005,2023,19,76.07164489649642,41.30333648788702,-34.7683084086094,Worsening,14.434982025926846,33.403382541237804,76.07164489649642,91.50943396226415,85.84905660377359,89.62264150943396,88.23529411764706,28,46,34,35,High Priority,1.0,Emerging Improvers
E07000130,Charnwood,2005,2023,19,69.14734008017949,33.376732428942,-35.77060765123749,Worsening,12.98311000631995,17.99974720032656,69.14734008017949,72.95597484276729,48.113207547169814,51.57232704402516,77.50865051903114,87,166,155,66,High Priority,0.0,Transition Leaders
E07000131,Harborough,2005,2023,19,89.18603026589058,45.7080170110971,-43.47801325479348,Worsening,13.784607245332406,34.15341352206831,89.18603026589058,98.42767295597484,68.55345911949685,90.88050314465409,97.57785467128028,6,101,30,8,High Priority,0.0,Transition Leaders
E07000132,Hinckley and Bosworth,2005,2023,19,66.74173289789269,35.508105945330904,-31.233626952561785,Worsening,14.021572616539917,25.761012321560106,66.74173289789269,79.87421383647799,76.10062893081762,78.61635220125787,73.70242214532871,65,77,69,77,High Priority,1.0,Emerging Improvers
E07000133,Melton,2005,2023,19,70.1508823130815,34.859179905543336,-35.29170240753816,Worsening,12.488405644206754,21.938251759341746,70.1508823130815,77.9874213836478,36.477987421383645,69.81132075471697,79.58477508650519,71,203,97,60,High Priority,0.0,Transition Leaders
E07000134,North West Leicestershire,2005,2023,19,62.35189242185059,40.51602781314578,-21.83586460870481,Worsening,14.385646504295035,44.81054451329172,62.35189242185059,89.62264150943396,84.59119496855347,98.74213836477988,68.16608996539793,34,50,5,93,High Priority,1.0,Emerging Improvers
E07000135,Oadby and Wigston,2005,2023,19,69.51139941498174,28.978221257171967,-40.53317815780977,Worsening,9.862361698691025,7.560902657843141,69.51139941498174,62.57861635220125,2.20125786163522,13.20754716981132,78.20069204152249,120,312,277,64,High Priority,3.0,High-Deprivation Barriers
E07000136,Boston,2005,2023,19,33.28655600413453,21.122095197680967,-12.164460806453565,Worsening,13.181975952667667,16.897753636240704,33.28655600413453,37.735849056603776,50.943396226415096,46.22641509433962,28.027681660899656,199,157,172,209,High Priority,4.0,Transition Laggards
E07000137,East Lindsey,2005,2023,19,21.238631636248634,18.553266421011966,-2.6853652152366685,Worsening,14.135824184152373,20.285343442634897,21.238631636248634,25.471698113207548,79.55974842767296,63.52201257861635,10.726643598615917,238,66,117,259,High Priority,4.0,Transition Laggards
E07000138,Lincoln,2005,2023,19,28.872844447115327,15.519399773849601,-13.353444673265725,Worsening,12.052265420862462,5.633089453571019,28.872844447115327,13.522012578616351,26.41509433962264,5.345911949685535,22.491349480968857,276,235,302,225,High Priority,2.0,Stable Mid-Performers
E07000139,North Kesteven,2005,2023,19,73.87008256598932,36.290658312703705,-37.579424253285616,Worsening,13.996813635779457,21.005078736342348,73.87008256598932,82.0754716981132,75.47169811320755,65.09433962264151,84.77508650519032,58,79,112,45,High Priority,1.0,Emerging Improvers
E07000140,South Holland,2005,2023,19,46.373577291204285,26.69479072362073,-19.678786567583554,Worsening,13.68374124132978,20.027053638328123,46.373577291204285,55.660377358490564,66.98113207547169,62.264150943396224,46.71280276816609,142,106,121,155,High Priority,1.0,Emerging Improvers
E07000141,South Kesteven,2005,2023,19,68.44709078281119,35.26855865107942,-33.17853213173177,Worsening,13.623876737033147,23.734708433393923,68.44709078281119,78.9308176100629,64.77987421383648,74.21383647798741,76.47058823529412,68,113,83,69,High Priority,1.0,Emerging Improvers
E07000142,West Lindsey,2005,2023,19,46.836821663835934,27.80422010723373,-19.032601556602206,Worsening,13.566014138087272,23.00982451977798,46.836821663835934,59.74842767295597,62.264150943396224,72.32704402515722,47.05882352941176,129,121,89,154,High Priority,1.0,Emerging Improvers
E07000143,Breckland,2005,2023,19,42.86596972925474,27.831754274965757,-15.034215454288987,Worsening,13.907912267223143,26.721380828419377,42.86596972925474,60.062893081761004,72.32704402515722,81.76100628930818,39.792387543252595,128,89,59,175,High Priority,1.0,Emerging Improvers
E07000144,Broadland,2005,2023,19,72.18769826821715,34.01535510777129,-38.172343160445855,Worsening,12.96774068983009,16.890626365266648,72.18769826821715,74.52830188679245,47.16981132075472,45.911949685534594,82.00692041522491,82,169,173,53,High Priority,0.0,Transition Leaders
E07000145,Great Yarmouth,2005,2023,19,18.178961384727934,13.210504189960758,-4.968457194767176,Worsening,11.290121623310945,10.1624295618434,18.178961384727934,7.861635220125786,18.553459119496853,22.32704402515723,7.612456747404845,294,260,248,268,High Priority,2.0,Stable Mid-Performers
E07000146,King's Lynn and West Norfolk,2005,2023,19,31.912694535776602,23.95864976957921,-7.954044766197391,Worsening,15.31257952470516,24.650675248255858,31.912694535776602,47.48427672955975,92.13836477987421,75.78616352201259,26.643598615916954,168,26,78,213,High Priority,4.0,Transition Laggards
E07000147,North Norfolk,2005,2023,19,35.20816576598203,22.477355726032417,-12.730810039949613,Worsening,13.336455080326726,18.887446331788496,35.20816576598203,43.39622641509434,55.9748427672956,57.23270440251572,31.141868512110726,181,141,137,200,High Priority,4.0,Transition Laggards
E07000148,Norwich,2005,2023,19,26.650041711192422,15.044248105129107,-11.605793606063315,Worsening,12.056232984293821,6.426469619901078,26.650041711192422,11.635220125786164,26.729559748427672,8.176100628930817,18.33910034602076,282,234,293,237,High Priority,2.0,Stable Mid-Performers
E07000149,South Norfolk,2005,2023,19,63.898543879452276,34.40835276170157,-29.490191117750705,Worsening,13.783887556822908,25.542626848829535,63.898543879452276,76.41509433962264,68.23899371069182,77.9874213836478,70.58823529411765,76,102,71,86,High Priority,1.0,Emerging Improvers
E07000170,Ashfield,2005,2023,19,28.06988078616004,19.82976735443884,-8.240113431721202,Worsening,13.922701757326362,17.496719519830112,28.06988078616004,30.18867924528302,73.27044025157232,48.742138364779876,20.761245674740483,223,86,164,230,High Priority,4.0,Transition Laggards
E07000171,Bassetlaw,2005,2023,19,37.1724938132051,27.521066709771816,-9.651427103433285,Worsening,15.392100680025546,29.998605636084797,37.1724938132051,58.490566037735846,92.45283018867924,86.16352201257862,33.910034602076124,133,25,45,192,High Priority,4.0,Transition Laggards
E07000172,Broxtowe,2005,2023,19,64.09533513804905,34.327471523147786,-29.767863614901266,Worsening,13.043369181869846,25.843710249524463,64.09533513804905,75.78616352201259,49.37106918238994,79.55974842767296,70.93425605536332,78,162,66,85,High Priority,1.0,Emerging Improvers
E07000173,Gedling,2005,2023,19,61.84658520064157,27.446945582054298,-34.39963961858727,Worsening,12.275822308482155,8.21842923703916,61.84658520064157,57.861635220125784,31.446540880503143,14.779874213836477,67.47404844290658,135,219,272,95,High Priority,3.0,High-Deprivation Barriers
E07000174,Mansfield,2005,2023,19,26.229345596308455,15.714044495390729,-10.515301100917727,Worsening,11.106603753351184,9.806184136512542,26.229345596308455,14.150943396226415,16.037735849056602,20.440251572327046,17.99307958477509,274,268,254,238,High Priority,2.0,Stable Mid-Performers
E07000175,Newark and Sherwood,2005,2023,19,48.864761417871776,31.32361519683786,-17.541146221033916,Worsening,13.844439123888801,31.261645048753,48.864761417871776,67.29559748427673,71.0691823899371,87.42138364779875,49.48096885813148,105,93,41,147,High Priority,1.0,Emerging Improvers
E07000176,Rushcliffe,2005,2023,19,92.52973622749789,42.58984482470834,-49.939891402789556,Worsening,13.403186547794636,21.83661169883249,92.52973622749789,95.59748427672956,57.23270440251572,69.18238993710692,99.30795847750865,15,137,99,3,High Priority,0.0,Transition Leaders
E07000177,Cherwell,2005,2023,19,63.77665666434824,37.48153995904602,-26.29511670530222,Worsening,13.449167664692002,35.21879554809781,63.77665666434824,83.9622641509434,58.17610062893082,91.82389937106919,69.8961937716263,52,134,27,88,High Priority,1.0,Emerging Improvers
E07000178,Oxford,2005,2023,19,55.7251156189256,24.6276406820834,-31.0974749368422,Worsening,12.403270933342945,5.754535493981662,55.7251156189256,49.056603773584904,34.276729559748425,6.289308176100629,58.47750865051903,163,210,299,121,High Priority,3.0,High-Deprivation Barriers
E07000179,South Oxfordshire,2005,2023,19,87.9431682580201,41.78136852209696,-46.16179973592313,Worsening,14.184091135251972,23.216846173018812,87.9431682580201,93.39622641509435,79.87421383647799,72.64150943396226,95.8477508650519,22,65,88,13,High Priority,0.0,Transition Leaders
E07000180,Vale of White Horse,2005,2023,19,87.99051811173467,42.588999320230435,-45.40151879150424,Worsening,13.346406369972645,26.430073478983985,87.99051811173467,95.28301886792453,56.289308176100626,80.50314465408806,96.19377162629758,16,140,63,12,High Priority,0.0,Transition Leaders
E07000181,West Oxfordshire,2005,2023,19,86.69202981406681,38.70358485832039,-47.988444955746424,Worsening,12.948723434968233,16.47000132592613,86.69202981406681,86.16352201257862,46.540880503144656,44.65408805031446,95.15570934256056,45,171,177,15,High Priority,0.0,Transition Leaders
E07000192,Cannock Chase,2005,2023,19,41.54211981042795,20.886095048875045,-20.656024761552903,Worsening,11.031942312068892,10.084223024128299,41.54211981042795,36.16352201257861,14.779874213836477,21.69811320754717,38.75432525951557,204,272,250,178,High Priority,3.0,High-Deprivation Barriers
E07000193,East Staffordshire,2005,2023,19,51.459278426149055,27.5693223219486,-23.889956104200454,Worsening,13.32976477094726,17.91892376874948,51.459278426149055,58.80503144654088,55.660377358490564,50.62893081761006,52.595155709342556,132,142,158,138,High Priority,3.0,High-Deprivation Barriers
E07000194,Lichfield,2005,2023,19,69.92855760952342,37.67459944498229,-32.25395816454113,Worsening,14.23656749851963,28.858673226903825,69.92855760952342,84.59119496855347,80.81761006289308,84.90566037735849,78.89273356401384,50,62,49,62,High Priority,1.0,Emerging Improvers
E07000195,Newcastle-under-Lyme,2005,2023,19,47.54266715196496,30.777185133081492,-16.76548201888347,Worsening,15.08959844770936,29.699289799570156,47.54266715196496,66.35220125786164,90.88050314465409,85.84905660377359,47.40484429065744,108,30,46,153,High Priority,1.0,Emerging Improvers
E07000196,South Staffordshire,2005,2023,19,67.09579238307336,41.58042003309814,-25.515372349975216,Worsening,15.062209892888493,42.58325782333258,67.09579238307336,92.76729559748428,90.56603773584906,97.48427672955975,74.39446366782006,24,31,9,75,High Priority,1.0,Emerging Improvers
E07000197,Stafford,2005,2023,19,67.49279010827642,40.27119807024255,-27.221592038033876,Worsening,15.400974490033303,37.91982961241792,67.49279010827642,88.67924528301887,92.76729559748428,94.33962264150944,75.4325259515571,37,24,19,72,High Priority,1.0,Emerging Improvers
E07000198,Staffordshire Moorlands,2005,2023,19,60.560768621372475,31.558402595056165,-29.00236602631631,Worsening,15.615482489908256,18.498956673887765,60.560768621372475,68.23899371069182,94.0251572327044,55.660377358490564,65.7439446366782,102,20,142,100,High Priority,1.0,Emerging Improvers
E07000199,Tamworth,2005,2023,19,43.39839244523054,20.64684658421613,-22.75154586101441,Worsening,10.940785826049328,7.6013614813685235,43.39839244523054,34.90566037735849,12.578616352201259,13.522012578616351,40.830449826989614,208,279,276,172,High Priority,3.0,High-Deprivation Barriers
E07000200,Babergh,2005,2023,19,61.74365127837919,32.84968302005289,-28.893968258326296,Worsening,11.902866950742442,24.902530831037048,61.74365127837919,71.0691823899371,23.270440251572328,76.10062893081762,67.1280276816609,93,245,77,96,High Priority,0.0,Transition Leaders
E07000202,Ipswich,2005,2023,19,31.23903313438099,16.406504817960577,-14.832528316420412,Worsening,11.043503364534075,6.936977954966664,31.23903313438099,18.238993710691823,15.09433962264151,9.119496855345911,25.259515570934255,261,271,290,217,High Priority,2.0,Stable Mid-Performers
E07000203,Mid Suffolk,2005,2023,19,65.68000477262079,35.43268020613502,-30.247324566485773,Worsening,13.652335588905078,26.965700256879188,65.68000477262079,79.55974842767296,65.40880503144653,82.0754716981132,73.01038062283737,66,111,58,79,High Priority,1.0,Emerging Improvers
E07000207,Elmbridge,2005,2023,19,90.46356554266262,40.269050146307855,-50.19451539635477,Worsening,11.353342394370749,18.990242501890208,90.46356554266262,88.36477987421384,19.49685534591195,58.17610062893082,98.26989619377161,38,257,134,6,High Priority,0.0,Transition Leaders
E07000208,Epsom and Ewell,2005,2023,19,88.61177354289924,35.58640681988618,-53.025366723013065,Worsening,10.754068178276572,7.393378738482718,88.61177354289924,80.50314465408806,8.49056603773585,11.635220125786164,97.23183391003461,63,292,282,9,High Priority,0.0,Transition Leaders
E07000209,Guildford,2005,2023,19,82.60226565769572,40.81124761881605,-41.79101803887968,Worsening,13.273519044837865,26.55795815391456,82.60226565769572,89.937106918239,54.088050314465406,81.13207547169812,92.73356401384083,33,147,61,22,High Priority,0.0,Transition Leaders
E07000210,Mole Valley,2005,2023,19,84.63674056920046,42.77716478585535,-41.85957578334511,Worsening,13.032513941686364,30.662239846679217,84.63674056920046,95.9119496855346,49.056603773584904,87.10691823899371,93.77162629757785,14,163,42,19,High Priority,0.0,Transition Leaders
E07000211,Reigate and Banstead,2005,2023,19,75.7837754864528,36.66285542394167,-39.120920062511125,Worsening,12.637486550544597,21.567304234827617,75.7837754864528,82.38993710691824,41.82389937106918,68.23899371069182,87.88927335640139,57,186,102,36,High Priority,0.0,Transition Leaders
E07000212,Runnymede,2005,2023,19,70.76407150008795,41.57444331376268,-29.189628186325272,Worsening,14.298870308763366,39.66038813243672,70.76407150008795,92.45283018867924,81.44654088050315,95.9119496855346,80.96885813148789,25,60,14,56,High Priority,1.0,Emerging Improvers
E07000213,Spelthorne,2005,2023,19,60.06338155554694,29.744317451840818,-30.319064103706122,Worsening,12.225844216359171,16.94372658361634,60.06338155554694,64.46540880503144,30.81761006289308,46.540880503144656,64.70588235294117,114,221,171,103,High Priority,3.0,High-Deprivation Barriers
E07000214,Surrey Heath,2005,2023,19,90.1794225097058,44.144919889861626,-46.034502619844176,Worsening,13.848876173694482,28.40646098618459,90.1794225097058,97.16981132075472,71.38364779874213,83.33333333333334,97.92387543252595,10,92,54,7,High Priority,0.0,Transition Leaders
E07000215,Tandridge,2005,2023,19,71.35106619755238,42.399037244931066,-28.95202895262132,Worsening,11.98392493069868,43.862120606542135,71.35106619755238,94.65408805031447,24.528301886792452,98.42767295597484,81.31487889273356,18,241,6,55,High Priority,0.0,Transition Leaders
E07000216,Waverley,2005,2023,19,91.38061583281605,40.34222118448249,-51.03839464833356,Worsening,11.142976640778922,18.5030710798525,91.38061583281605,88.9937106918239,16.9811320754717,55.9748427672956,98.96193771626297,36,265,141,4,High Priority,0.0,Transition Leaders
E07000217,Woking,2005,2023,19,79.27877938111867,34.38602344202685,-44.89275593909182,Worsening,13.424897978607401,10.45439296635448,79.27877938111867,76.10062893081762,57.54716981132076,23.270440251572328,89.96539792387543,77,136,245,30,High Priority,0.0,Transition Leaders
E07000218,North Warwickshire,2005,2023,19,49.14656767558999,52.12833382371526,2.981766148125267,Improving,17.066214092376807,90.17221970317898,49.14656767558999,100.0,97.79874213836479,100.0,49.82698961937716,1,8,1,146,Medium Priority,1.0,Emerging Improvers
E07000219,Nuneaton and Bedworth,2005,2023,19,38.031117969477435,21.367567144256185,-16.66355082522125,Worsening,12.30792002686782,13.7636634364233,38.031117969477435,39.62264150943396,32.075471698113205,36.16352201257861,34.2560553633218,193,217,204,191,High Priority,3.0,High-Deprivation Barriers
E07000220,Rugby,2005,2023,19,65.44685362947217,41.160053160511005,-24.286800468961168,Worsening,17.50186055311406,40.53144529894678,65.44685362947217,91.19496855345912,98.42767295597484,96.54088050314465,72.66435986159169,29,6,12,80,High Priority,1.0,Emerging Improvers
E07000221,Stratford-on-Avon,2005,2023,19,72.0333986313045,41.739103120097894,-30.2942955112066,Worsening,13.619807537410406,39.56410319157878,72.0333986313045,93.08176100628931,64.15094339622641,95.59748427672956,81.66089965397923,23,115,15,54,High Priority,1.0,Emerging Improvers
E07000222,Warwick,2005,2023,19,72.63654040009337,39.4514866727012,-33.185053727392166,Worsening,14.395895835953265,31.32202378205697,72.63654040009337,87.10691823899371,84.90566037735849,87.73584905660378,82.35294117647058,42,49,40,52,High Priority,1.0,Emerging Improvers
E07000223,Adur,2005,2023,19,50.558918783002696,24.50154303745975,-26.057375745542945,Worsening,11.125017146586778,11.820693182789778,50.558918783002696,48.742138364779876,16.666666666666664,28.61635220125786,51.903114186851205,164,266,228,140,High Priority,3.0,High-Deprivation Barriers
E07000224,Arun,2005,2023,19,48.39887035049573,23.447047129975243,-24.951823220520485,Worsening,10.647628354219997,11.294642685210004,48.39887035049573,45.59748427672956,7.232704402515723,27.044025157232703,49.13494809688581,174,296,233,148,High Priority,3.0,High-Deprivation Barriers
E07000225,Chichester,2005,2023,19,61.94071020372887,32.512936858793545,-29.427773344935325,Worsening,12.892970620626631,22.70512975202513,61.94071020372887,69.81132075471697,46.22641509433962,71.69811320754717,67.82006920415225,97,172,91,94,High Priority,1.0,Emerging Improvers
E07000226,Crawley,2005,2023,19,44.1563306398768,23.100445875359075,-21.055884764517725,Worsening,12.071451937262697,13.073555048937735,44.1563306398768,44.65408805031446,27.67295597484277,33.64779874213836,42.90657439446367,177,231,212,166,High Priority,3.0,High-Deprivation Barriers
E07000227,Horsham,2005,2023,19,82.12906023018768,37.633092296585986,-44.49596793360169,Worsening,12.597079628942868,18.173137030627416,82.12906023018768,84.27672955974843,40.56603773584906,54.088050314465406,92.04152249134948,51,190,147,24,High Priority,0.0,Transition Leaders
E07000228,Mid Sussex,2005,2023,19,90.98751686624807,40.18665770870323,-50.80085915754484,Worsening,12.553254755132553,17.019201504729057,90.98751686624807,88.0503144654088,37.735849056603776,47.16981132075472,98.6159169550173,39,199,169,5,High Priority,0.0,Transition Leaders
E07000229,Worthing,2005,2023,19,55.06507410209967,23.79701111621875,-31.26806298588092,Worsening,10.68247195878099,5.643487287775585,55.06507410209967,46.855345911949684,7.861635220125786,5.660377358490567,56.747404844290664,170,294,301,126,High Priority,3.0,High-Deprivation Barriers
E07000234,Bromsgrove,2005,2023,19,74.90117029060877,44.96797370985549,-29.933196580753282,Worsening,13.571882626391254,46.43086821256646,74.90117029060877,97.48427672955975,62.893081761006286,99.05660377358491,86.50519031141869,9,119,4,40,High Priority,1.0,Emerging Improvers
E07000235,Malvern Hills,2005,2023,19,56.555403609493055,35.40181880651577,-21.153584802977285,Worsening,13.662583069314021,35.987469740740224,56.555403609493055,79.24528301886792,65.72327044025157,92.45283018867924,58.82352941176471,67,110,25,120,High Priority,1.0,Emerging Improvers
E07000236,Redditch,2005,2023,19,41.460687265828966,21.10273785051867,-20.357949415310298,Worsening,12.301672058529341,9.545854227197694,41.460687265828966,37.42138364779874,31.761006289308174,19.81132075471698,38.4083044982699,200,218,256,179,High Priority,3.0,High-Deprivation Barriers
E07000237,Worcester,2005,2023,19,47.96616515093466,23.008224880749193,-24.957940270185464,Worsening,12.33569120636962,8.722818284943301,47.96616515093466,44.339622641509436,32.38993710691824,16.666666666666664,48.09688581314879,178,216,266,151,High Priority,3.0,High-Deprivation Barriers
E07000238,Wychavon,2005,2023,19,57.56536996700993,36.91397743542868,-20.65139253158125,Worsening,14.668307261577542,38.50825507769856,57.56536996700993,83.33333333333334,87.42138364779875,94.9685534591195,60.553633217993074,54,41,17,115,High Priority,1.0,Emerging Improvers
E07000239,Wyre Forest,2005,2023,19,43.154104752830136,22.376385471142385,-20.77771928168775,Worsening,11.024210151469418,12.950841509127592,43.154104752830136,42.76729559748428,14.150943396226415,33.33333333333333,40.484429065743946,183,274,213,173,High Priority,3.0,High-Deprivation Barriers
E07000240,St Albans,2005,2023,19,88.05699487897388,46.24596600785307,-41.81102887112081,Worsening,13.065054472190457,37.61584867239487,88.05699487897388,98.74213836477988,49.685534591194966,94.0251572327044,96.88581314878893,5,161,20,10,High Priority,0.0,Transition Leaders
E07000241,Welwyn Hatfield,2005,2023,19,63.858156328003346,31.679678264148055,-32.178478063855295,Worsening,12.825199216934585,18.35567924750624,63.858156328003346,68.55345911949685,44.339622641509436,55.34591194968554,70.24221453287197,101,178,143,87,High Priority,0.0,Transition Leaders
E07000242,East Hertfordshire,2005,2023,19,88.01576312243621,39.53798647734993,-48.47777664508628,Worsening,12.580944120104157,18.017252189509424,88.01576312243621,87.42138364779875,38.67924528301887,51.886792452830186,96.53979238754326,41,196,154,11,High Priority,0.0,Transition Leaders
E07000243,Stevenage,2005,2023,19,40.88549121019497,21.975557426262316,-18.909933783932654,Worsening,12.797955406948553,12.243225661643436,40.88549121019497,42.138364779874216,43.08176100628931,30.50314465408805,37.71626297577855,185,182,222,181,High Priority,3.0,High-Deprivation Barriers
E07000244,East Suffolk,2005,2023,19,48.100694447619944,25.665946355807915,-22.43474809181203,Worsening,12.817670392736328,16.079474227067468,48.100694447619944,52.83018867924528,44.0251572327044,42.138364779874216,48.44290657439446,151,179,185,150,High Priority,3.0,High-Deprivation Barriers
E07000245,West Suffolk,2005,2023,19,55.092580278742886,30.70013211173539,-24.392448167007498,Worsening,13.701794861503085,23.306021194960206,55.092580278742886,66.0377358490566,67.61006289308176,73.27044025157232,57.09342560553633,109,104,86,125,High Priority,1.0,Emerging Improvers
E08000001,Bolton,2005,2023,19,26.024989934867627,18.26850364634541,-7.756486288522218,Worsening,13.360230563003338,15.420290441165264,26.024989934867627,24.21383647798742,56.60377358490566,40.25157232704403,17.301038062283737,242,139,191,240,High Priority,4.0,Transition Laggards
E08000002,Bury,2005,2023,19,40.38849209527568,23.994806786856063,-16.393685308419617,Worsening,12.582814728904747,19.01311353638777,40.38849209527568,48.113207547169814,38.9937106918239,58.490566037735846,36.332179930795846,166,195,133,185,High Priority,4.0,Transition Laggards
E08000003,Manchester,2005,2023,19,3.0331485377575085,8.855834077607481,5.822685539849973,Improving,13.674895758886091,9.859457936178845,3.0331485377575085,1.5723270440251573,66.66666666666666,20.754716981132077,1.0380622837370241,314,107,253,287,High Priority,4.0,Transition Laggards
E08000004,Oldham,2005,2023,19,21.286310032252793,14.492123872404202,-6.794186159848591,Worsening,13.193077339622445,8.996984245337373,21.286310032252793,11.0062893081761,51.886792452830186,18.238993710691823,11.418685121107266,284,154,261,257,High Priority,2.0,Stable Mid-Performers
E08000005,Rochdale,2005,2023,19,17.03820365922558,15.989098039714841,-1.0491056195107387,Worsening,12.775792572683926,18.15329788723502,17.03820365922558,16.037735849056602,42.76729559748428,53.77358490566038,6.5743944636678195,268,183,148,271,High Priority,4.0,Transition Laggards
E08000006,Salford,2005,2023,19,16.54238531656913,16.22725754264307,-0.3151277739260614,Worsening,13.610584704587435,18.528802606772647,16.54238531656913,17.29559748427673,63.52201257861635,56.289308176100626,6.228373702422145,264,117,140,272,High Priority,4.0,Transition Laggards
E08000007,Stockport,2005,2023,19,50.39252925051649,25.809184696491045,-24.583344554025444,Worsening,13.559199770089275,13.475825068867366,50.39252925051649,53.77358490566038,61.32075471698113,34.90566037735849,51.21107266435986,148,124,208,142,High Priority,3.0,High-Deprivation Barriers
E08000008,Tameside,2005,2023,19,18.690746630824364,14.23540606811496,-4.455340562709404,Worsening,13.304779700679564,10.710691872840947,18.690746630824364,10.69182389937107,54.40251572327044,24.528301886792452,8.304498269896193,285,146,241,266,High Priority,4.0,Transition Laggards
E08000009,Trafford,2005,2023,19,62.471491686904386,30.39622059639079,-32.075271090513596,Worsening,14.361378857243555,14.355791245024434,62.471491686904386,65.09433962264151,83.01886792452831,38.36477987421384,68.85813148788927,112,55,197,91,High Priority,1.0,Emerging Improvers
E08000010,Wigan,2005,2023,19,35.87887967614695,20.83074188716202,-15.048137788984931,Worsening,14.314786530363929,12.298559454975184,35.87887967614695,35.84905660377358,81.76100628930818,31.132075471698112,32.52595155709342,205,59,220,196,High Priority,4.0,Transition Laggards
E08000011,Knowsley,2005,2023,19,2.5015389643264214,12.669520497475771,10.16798153314935,Improving,14.022531751225426,21.484490776875464,2.5015389643264214,5.9748427672955975,76.41509433962264,67.9245283018868,0.6920415224913495,300,76,103,288,High Priority,4.0,Transition Laggards
E08000012,Liverpool,2005,2023,19,4.839441549087791,8.873206272624389,4.033764723536597,Improving,12.43746494152736,9.342712327258017,4.839441549087791,1.8867924528301887,35.22012578616352,19.49685534591195,1.384083044982699,313,207,257,286,High Priority,2.0,Stable Mid-Performers
E08000013,St. Helens,2005,2023,19,23.006422103833252,17.84918813435007,-5.157233969483183,Worsening,14.348518556276236,16.192623742940714,23.006422103833252,22.0125786163522,82.38993710691824,43.39622641509434,14.53287197231834,249,57,181,248,High Priority,4.0,Transition Laggards
E08000014,Sefton,2005,2023,19,33.871530046832106,18.6302624060457,-15.241267640786408,Worsening,13.817582517160144,8.201674654144842,33.871530046832106,25.78616352201258,69.81132075471697,14.465408805031446,29.06574394463668,237,97,273,206,High Priority,4.0,Transition Laggards
E08000015,Wirral,2005,2023,19,31.954731451732677,18.88733369690438,-13.067397754828296,Worsening,13.500912060362726,11.206357578617748,31.954731451732677,27.044025157232703,59.11949685534591,26.10062893081761,26.989619377162633,233,131,236,212,High Priority,4.0,Transition Laggards
E08000016,Barnsley,2005,2023,19,21.732931955548544,17.90059940864894,-3.832332546899604,Worsening,14.005256144314803,17.963610126083477,21.732931955548544,22.32704402515723,75.78616352201259,50.943396226415096,12.110726643598616,248,78,157,255,High Priority,4.0,Transition Laggards
E08000017,Doncaster,2005,2023,19,22.919366400906824,21.614001422291924,-1.3053649786149002,Worsening,14.365999453804331,27.556638412164617,22.919366400906824,40.56603773584906,83.33333333333334,82.70440251572327,13.494809688581316,190,54,56,251,High Priority,4.0,Transition Laggards
E08000018,Rotherham,2005,2023,19,25.397444660677877,20.307872889921278,-5.089571770756599,Worsening,14.067601595911317,21.45857241317464,25.397444660677877,33.0188679245283,77.67295597484278,67.61006289308176,15.570934256055363,214,72,104,245,High Priority,4.0,Transition Laggards
E08000019,Sheffield,2005,2023,19,35.449278708051914,20.03158258781154,-15.417696120240375,Worsening,14.372952406377632,10.272516649005066,35.449278708051914,31.761006289308174,83.64779874213836,22.641509433962266,32.17993079584775,218,53,247,197,High Priority,4.0,Transition Laggards
E08000021,Newcastle upon Tyne,2005,2023,19,30.43844457269452,18.637657256374904,-11.800787316319617,Worsening,13.567098914824921,11.90742828160527,30.43844457269452,26.41509433962264,62.57861635220125,29.245283018867923,24.22145328719723,235,120,226,220,High Priority,4.0,Transition Laggards
E08000022,North Tyneside,2005,2023,19,43.68231731062646,22.53491602201703,-21.14740128860943,Worsening,11.222171629678922,12.700259125745703,43.68231731062646,43.710691823899374,17.92452830188679,32.075471698113205,41.522491349480966,180,262,217,170,High Priority,3.0,High-Deprivation Barriers
E08000023,South Tyneside,2005,2023,19,18.95899873849779,13.503042305951562,-5.455956432546229,Worsening,10.919784519457952,10.630343659898944,18.95899873849779,8.80503144654088,11.949685534591195,23.89937106918239,8.996539792387544,291,281,243,264,High Priority,2.0,Stable Mid-Performers
E08000024,Sunderland,2005,2023,19,21.392067343729956,15.950309125113142,-5.441758218616814,Worsening,13.546109946066519,12.91275008554295,21.392067343729956,15.40880503144654,61.0062893081761,32.70440251572327,11.76470588235294,270,125,215,256,High Priority,4.0,Transition Laggards
E08000025,Birmingham,2005,2023,19,7.939603843522356,10.711540484296009,2.771936640773653,Improving,13.522143822154494,10.672873787211174,7.939603843522356,3.1446540880503147,60.062893081761004,24.21383647798742,3.1141868512110724,309,128,242,281,High Priority,4.0,Transition Laggards
E08000026,Coventry,2005,2023,19,33.39866363638679,19.03184150186082,-14.366822134525972,Worsening,12.563968725696029,11.132892143499646,33.39866363638679,27.358490566037734,38.36477987421384,25.78616352201258,28.373702422145332,232,197,237,208,High Priority,2.0,Stable Mid-Performers
E08000027,Dudley,2005,2023,19,39.39170847710416,20.942357990000314,-18.449350487103846,Worsening,12.185765926286017,11.249599566610758,39.39170847710416,37.10691823899371,29.874213836477985,26.729559748427672,35.98615916955018,201,224,234,186,High Priority,3.0,High-Deprivation Barriers
E08000028,Sandwell,2005,2023,19,7.433195794785632,11.559117412787074,4.125921618001442,Improving,13.446516071546736,13.797640372028852,7.433195794785632,3.7735849056603774,57.861635220125784,36.477987421383645,2.422145328719723,307,135,203,283,High Priority,4.0,Transition Laggards
E08000029,Solihull,2005,2023,19,60.342984290580986,33.09816395105225,-27.244820339528736,Worsening,13.701374965665135,25.25013259691063,60.342984290580986,72.0125786163522,67.29559748427673,77.67295597484278,65.05190311418684,90,105,72,102,High Priority,1.0,Emerging Improvers
E08000030,Walsall,2005,2023,19,22.13357337451982,16.18898556056864,-5.9445878139511805,Worsening,13.317561700474617,13.115821606711481,22.13357337451982,16.9811320754717,55.0314465408805,33.9622641509434,12.45674740484429,265,144,211,254,High Priority,4.0,Transition Laggards
E08000031,Wolverhampton,2005,2023,19,17.156820424827295,12.218673186922011,-4.938147237905284,Worsening,10.925267713779167,8.573931422159571,17.156820424827295,5.660377358490567,12.264150943396226,16.352201257861633,6.920415224913495,301,280,267,270,High Priority,2.0,Stable Mid-Performers
E08000032,Bradford,2005,2023,19,18.34429715576639,13.651718129409675,-4.692579026356716,Worsening,13.6519001158433,8.958957116619334,18.34429715576639,9.748427672955975,65.09433962264151,17.92452830188679,7.958477508650519,288,112,262,267,High Priority,4.0,Transition Laggards
E08000033,Calderdale,2005,2023,19,30.174904665525595,20.32424549675331,-9.850659168772285,Worsening,13.94256415358642,16.855267671147914,30.174904665525595,33.33333333333333,73.58490566037736,45.59748427672956,23.875432525951556,213,85,174,221,High Priority,4.0,Transition Laggards
E08000034,Kirklees,2005,2023,19,34.14063893649222,20.804847993385327,-13.335790943106897,Worsening,14.408450820865948,13.865454222797815,34.14063893649222,35.22012578616352,85.22012578616352,37.10691823899371,29.411764705882355,207,48,201,205,High Priority,4.0,Transition Laggards
E08000035,Leeds,2005,2023,19,34.753132775793354,22.246189754656715,-12.506943021136639,Worsening,13.789149556882297,18.1962869312945,34.753132775793354,42.45283018867924,68.86792452830188,54.40251572327044,30.79584775086505,184,100,146,201,High Priority,4.0,Transition Laggards
E08000036,Wakefield,2005,2023,19,28.41850740385903,20.813489064792623,-7.605018339066408,Worsening,14.07880296098342,19.943156829535422,28.41850740385903,35.53459119496855,77.9874213836478,61.32075471698113,21.453287197231834,206,71,124,228,High Priority,4.0,Transition Laggards
E08000037,Gateshead,2005,2023,19,27.01445463241788,19.911684579751785,-7.102770052666095,Worsening,12.615869646234323,20.104729460603153,27.01445463241788,30.50314465408805,40.88050314465409,62.57861635220125,19.031141868512112,222,189,120,235,High Priority,4.0,Transition Laggards
E09000001,City of London,2005,2023,19,61.19060925080095,38.310892485004224,-22.879716765796722,Worsening,25.948858927739405,27.793209276472318,61.19060925080095,85.22012578616352,99.68553459119497,83.01886792452831,66.78200692041523,48,2,55,97,High Priority,1.0,Emerging Improvers
E09000002,Barking and Dagenham,2005,2023,19,5.779625204439093,7.390792515692951,1.6111673112538583,Improving,10.562329079926776,5.830423262712984,5.779625204439093,0.9433962264150944,6.289308176100629,6.60377358490566,1.7301038062283738,316,299,298,285,High Priority,2.0,Stable Mid-Performers
E09000003,Barnet,2005,2023,19,56.990491119590416,25.378487723521093,-31.612003396069323,Worsening,10.80037030984257,8.344601741130298,56.990491119590416,51.257861635220124,9.433962264150944,15.09433962264151,59.515570934256054,156,289,271,118,High Priority,3.0,High-Deprivation Barriers
E09000004,Bexley,2005,2023,19,58.72825461377212,25.685930451832064,-33.04232416194006,Worsening,10.899301870194616,7.430234871529454,58.72825461377212,53.459119496855344,11.320754716981133,12.264150943396226,62.629757785467135,149,283,280,109,High Priority,3.0,High-Deprivation Barriers
E09000005,Brent,2005,2023,19,26.14926482718422,13.486137447673931,-12.663127379510287,Worsening,9.102318969426577,5.206828546410994,26.14926482718422,8.49056603773585,1.5723270440251573,3.7735849056603774,17.647058823529413,292,314,307,239,High Priority,2.0,Stable Mid-Performers
E09000006,Bromley,2005,2023,19,67.28345646908114,29.404033296578376,-37.87942317250277,Worsening,12.041235116799022,8.887408303854958,67.28345646908114,64.15094339622641,25.78616352201258,17.61006289308176,75.08650519031141,115,237,263,73,High Priority,3.0,High-Deprivation Barriers
E09000007,Camden,2005,2023,19,44.064591155077494,20.16594148806893,-23.898649667008563,Worsening,11.762726143003274,4.670507166126026,44.064591155077494,32.38993710691824,22.0125786163522,2.515723270440252,42.56055363321799,216,249,311,167,High Priority,3.0,High-Deprivation Barriers
E09000008,Croydon,2005,2023,19,38.44677465860599,18.698357380296965,-19.748417278309024,Worsening,10.589869528665112,7.05842795361979,38.44677465860599,26.729559748427672,6.918238993710692,10.062893081761008,34.94809688581315,234,297,287,189,High Priority,2.0,Stable Mid-Performers
E09000009,Ealing,2005,2023,19,34.63905953005227,17.49967716549344,-17.13938236455883,Worsening,10.794063886099938,7.065908080328113,34.63905953005227,21.38364779874214,9.119496855345911,10.377358490566039,30.103806228373703,251,290,286,203,High Priority,2.0,Stable Mid-Performers
E09000010,Enfield,2005,2023,19,28.972035423546053,18.064537772933008,-10.907497650613045,Worsening,12.430551355893996,12.791026539358974,28.972035423546053,23.58490566037736,34.90566037735849,32.38993710691824,22.837370242214533,244,208,216,224,High Priority,2.0,Stable Mid-Performers
E09000011,Greenwich,2005,2023,19,28.784921000859,15.915016469033153,-12.869904531825847,Worsening,10.419919342950337,8.540209063290117,28.784921000859,15.09433962264151,5.031446540880504,16.037735849056602,22.145328719723185,271,303,268,226,High Priority,2.0,Stable Mid-Performers
E09000012,Hackney,2005,2023,19,6.528511674931639,6.16453593346185,-0.3639757414697895,Worsening,8.963031084392423,3.0020650410614893,6.528511674931639,0.3144654088050315,1.257861635220126,0.628930817610063,2.0761245674740483,318,315,317,284,High Priority,2.0,Stable Mid-Performers
E09000013,Hammersmith and Fulham,2005,2023,19,35.36792456227664,17.13457076099061,-18.233353801286032,Worsening,10.571096862195606,5.464690858499577,35.36792456227664,19.49685534591195,6.60377358490566,5.031446540880504,31.833910034602077,257,298,303,198,High Priority,2.0,Stable Mid-Performers
E09000014,Haringey,2005,2023,19,22.990668808581034,11.922807999086766,-11.067860809494269,Worsening,8.820698628151785,3.9570565605274766,22.990668808581034,5.031446540880504,0.9433962264150944,1.257861635220126,13.84083044982699,303,316,315,250,High Priority,2.0,Stable Mid-Performers
E09000015,Harrow,2005,2023,19,59.92269957031719,24.718762212127505,-35.20393735818969,Worsening,9.966800851838759,4.266786214226563,59.92269957031719,49.37106918238994,3.1446540880503147,1.8867924528301887,64.3598615916955,162,309,313,104,High Priority,3.0,High-Deprivation Barriers
E09000016,Havering,2005,2023,19,56.605949902624474,28.30361646433691,-28.302333438287565,Worsening,12.176029542723281,16.12886994766296,56.605949902624474,61.0062893081761,29.559748427672954,42.76729559748428,59.16955017301038,125,225,183,119,High Priority,3.0,High-Deprivation Barriers
E09000017,Hillingdon,2005,2023,19,50.26299292737524,26.291499686949493,-23.971493240425744,Worsening,12.539465973450383,16.072040160022855,50.26299292737524,55.34591194968554,36.79245283018868,41.509433962264154,50.86505190311419,143,202,187,143,High Priority,3.0,High-Deprivation Barriers
E09000018,Hounslow,2005,2023,19,35.94709938386587,19.809817508676364,-16.137281875189505,Worsening,12.423346410749438,11.059006731413785,35.94709938386587,29.874213836477985,34.59119496855346,25.157232704402517,32.8719723183391,224,209,239,195,High Priority,2.0,Stable Mid-Performers
E09000019,Islington,2005,2023,19,18.75785597184963,9.983548557345323,-8.774307414504307,Worsening,8.032277941538297,3.1605117586480436,18.75785597184963,2.8301886792452833,0.628930817610063,0.9433962264150944,8.650519031141869,310,317,316,265,High Priority,2.0,Stable Mid-Performers
E09000020,Kensington and Chelsea,2005,2023,19,40.54192322414744,19.93753993825432,-20.604383285893118,Worsening,11.585459802824175,7.6852367877913474,40.54192322414744,30.81761006289308,21.69811320754717,13.836477987421384,36.67820069204152,221,250,275,184,High Priority,3.0,High-Deprivation Barriers
E09000021,Kingston upon Thames,2005,2023,19,74.98635349363693,32.706168284599876,-42.28018520903705,Worsening,11.072538840083975,12.05961252007874,74.98635349363693,70.44025157232704,15.40880503144654,30.18867924528302,86.85121107266436,95,270,223,39,High Priority,0.0,Transition Leaders
E09000022,Lambeth,2005,2023,19,23.002033841785078,12.763309668711964,-10.238724173073114,Worsening,10.25935477263139,5.028540391719423,23.002033841785078,6.918238993710692,4.716981132075472,3.1446540880503147,14.186851211072666,297,304,309,249,High Priority,2.0,Stable Mid-Performers
E09000023,Lewisham,2005,2023,19,20.81967911224025,12.095672198797937,-8.724006913442315,Worsening,10.229759084634846,5.237578399518714,20.81967911224025,5.345911949685535,4.40251572327044,4.088050314465408,10.380622837370241,302,305,306,260,High Priority,2.0,Stable Mid-Performers
E09000024,Merton,2005,2023,19,64.13510023393053,26.8778905694458,-37.25720966448473,Worsening,10.42216247835847,6.076408996048401,64.13510023393053,56.289308176100626,5.345911949685535,6.918238993710692,71.280276816609,140,302,297,84,High Priority,3.0,High-Deprivation Barriers
E09000025,Newham,2005,2023,19,11.756384006193166,8.82998256935054,-2.9264014368426263,Worsening,10.114820756641539,4.6187429452169155,11.756384006193166,1.257861635220126,3.7735849056603774,2.20125786163522,3.8062283737024223,315,307,312,279,High Priority,2.0,Stable Mid-Performers
E09000026,Redbridge,2005,2023,19,51.807943793785554,23.113062900025767,-28.694880893759787,Worsening,10.504192140411586,7.027052765880167,51.807943793785554,44.9685534591195,5.9748427672955975,9.748427672955975,53.28719723183391,176,300,288,136,High Priority,3.0,High-Deprivation Barriers
E09000027,Richmond upon Thames,2005,2023,19,84.2353568681666,34.68802734182998,-49.547329526336625,Worsening,10.955821279978988,8.872903877344346,84.2353568681666,77.04402515723271,12.89308176100629,16.9811320754717,93.42560553633218,74,278,265,20,High Priority,0.0,Transition Leaders
E09000028,Southwark,2005,2023,19,24.073167512132933,13.672330620566845,-10.400836891566088,Worsening,11.971856669119461,4.971967680448135,24.073167512132933,10.062893081761008,23.89937106918239,2.8301886792452833,14.878892733564014,287,243,310,247,High Priority,2.0,Stable Mid-Performers
E09000029,Sutton,2005,2023,19,66.95489523061399,28.389938270249264,-38.564956960364725,Worsening,10.820960828732844,7.393958751400974,66.95489523061399,61.32075471698113,10.062893081761008,11.949685534591195,74.0484429065744,124,287,281,76,High Priority,3.0,High-Deprivation Barriers
E09000030,Tower Hamlets,2005,2023,19,19.067428508340562,11.71523504977477,-7.352193458565791,Worsening,10.699410031682621,5.378866609301129,19.067428508340562,4.088050314465408,8.176100628930817,4.716981132075472,9.342560553633218,306,293,304,263,High Priority,2.0,Stable Mid-Performers
E09000031,Waltham Forest,2005,2023,19,24.87640738334055,13.521717843964643,-11.354689539375906,Worsening,10.499728643656624,5.189017504896755,24.87640738334055,9.119496855345911,5.660377358490567,3.459119496855346,15.22491349480969,290,301,308,246,High Priority,2.0,Stable Mid-Performers
E09000032,Wandsworth,2005,2023,19,54.548391563975315,23.4585922967515,-31.089799267223814,Worsening,11.788494223213604,4.0388911030655805,54.548391563975315,45.911949685534594,22.641509433962266,1.5723270440251573,56.05536332179931,173,247,314,128,High Priority,3.0,High-Deprivation Barriers
E09000033,Westminster,2005,2023,19,43.84017067003643,21.97484915892153,-21.8653215111149,Worsening,12.974514268732218,9.109862537995937,43.84017067003643,41.82389937106918,47.48427672955975,18.553459119496853,42.21453287197232,186,168,260,168,High Priority,3.0,High-Deprivation Barriers
E12000001,nan,2005,2023,19,,,,Unknown,,,,,,,,,,,,Medium Priority,,Unassigned
E12000002,nan,2005,2023,19,,,,Unknown,,,,,,,,,,,,Medium Priority,,Unassigned
E12000003,nan,2005,2023,19,,,,Unknown,,,,,,,,,,,,Medium Priority,,Unassigned
E12000004,nan,2005,2023,19,,,,Unknown,,,,,,,,,,,,Medium Priority,,Unassigned
E12000005,nan,2005,2023,19,,,,Unknown,,,,,,,,,,,,Medium Priority,,Unassigned
E12000006,nan,2005,2023,19,,,,Unknown,,,,,,,,,,,,Medium Priority,,Unassigned
E12000008,nan,2005,2023,19,,,,Unknown,,,,,,,,,,,,Medium Priority,,Unassigned
E12000009,nan,2005,2023,19,,,,Unknown,,,,,,,,,,,,Medium Priority,,Unassigned
E13000001,nan,2005,2023,19,,,,Unknown,,,,,,,,,,,,Medium Priority,,Unassigned
E13000002,nan,2005,2023,19,,,,Unknown,,,,,,,,,,,,Medium Priority,,Unassigned
K02000001,nan,2005,2023,19,,,,Unknown,,,,,,,,,,,,Medium Priority,,Unassigned
K03000001,nan,2005,2023,19,,,,Unknown,,,,,,,,,,,,Medium Priority,,Unassigned
LARGEELEC,nan,2005,2023,19,,,,Unknown,,,,,,,,,,,,Medium Priority,,Unassigned
N09000001,nan,2005,2023,19,,,,Unknown,,,,,,,,,,,,Medium Priority,,Unassigned
N09000002,nan,2005,2023,19,,,,Unknown,,,,,,,,,,,,Medium Priority,,Unassigned
N09000003,nan,2005,2023,19,,,,Unknown,,,,,,,,,,,,Medium Priority,,Unassigned
N09000004,nan,2005,2023,19,,,,Unknown,,,,,,,,,,,,Medium Priority,,Unassigned
N09000005,nan,2005,2023,19,,,,Unknown,,,,,,,,,,,,Medium Priority,,Unassigned
N09000006,nan,2005,2023,19,,,,Unknown,,,,,,,,,,,,Medium Priority,,Unassigned
N09000007,nan,2005,2023,19,,,,Unknown,,,,,,,,,,,,Medium Priority,,Unassigned
N09000008,nan,2005,2023,19,,,,Unknown,,,,,,,,,,,,Medium Priority,,Unassigned
N09000009,nan,2005,2023,19,,,,Unknown,,,,,,,,,,,,Medium Priority,,Unassigned
N09000010,nan,2005,2023,19,,,,Unknown,,,,,,,,,,,,Medium Priority,,Unassigned
N09000011,nan,2005,2023,19,,,,Unknown,,,,,,,,,,,,Medium Priority,,Unassigned
N92000002,nan,2005,2023,19,,,,Unknown,,,,,,,,,,,,Medium Priority,,Unassigned
S12000005,nan,2005,2023,19,,,,Unknown,,,,,,,,,,,,Medium Priority,,Unassigned
S12000006,nan,2005,2023,19,,,,Unknown,,,,,,,,,,,,Medium Priority,,Unassigned
S12000008,nan,2005,2023,19,,,,Unknown,,,,,,,,,,,,Medium Priority,,Unassigned
S12000010,nan,2005,2023,19,,,,Unknown,,,,,,,,,,,,Medium Priority,,Unassigned
S12000011,nan,2005,2023,19,,,,Unknown,,,,,,,,,,,,Medium Priority,,Unassigned
S12000013,nan,2005,2023,19,,,,Unknown,,,,,,,,,,,,Medium Priority,,Unassigned
S12000014,nan,2005,2023,19,,,,Unknown,,,,,,,,,,,,Medium Priority,,Unassigned
S12000017,nan,2005,2023,19,,,,Unknown,,,,,,,,,,,,Medium Priority,,Unassigned
S12000018,nan,2005,2023,19,,,,Unknown,,,,,,,,,,,,Medium Priority,,Unassigned
S12000019,nan,2005,2023,19,,,,Unknown,,,,,,,,,,,,Medium Priority,,Unassigned
S12000020,nan,2005,2023,19,,,,Unknown,,,,,,,,,,,,Medium Priority,,Unassigned
S12000021,nan,2005,2023,19,,,,Unknown,,,,,,,,,,,,Medium Priority,,Unassigned
S12000023,nan,2005,2023,19,,,,Unknown,,,,,,,,,,,,Medium Priority,,Unassigned
S12000026,nan,2005,2023,19,,,,Unknown,,,,,,,,,,,,Medium Priority,,Unassigned
S12000027,nan,2005,2023,19,,,,Unknown,,,,,,,,,,,,Medium Priority,,Unassigned
S12000028,nan,2005,2023,19,,,,Unknown,,,,,,,,,,,,Medium Priority,,Unassigned
S12000029,nan,2005,2023,19,,,,Unknown,,,,,,,,,,,,Medium Priority,,Unassigned
S12000030,nan,2005,2023,19,,,,Unknown,,,,,,,,,,,,Medium Priority,,Unassigned
S12000033,nan,2005,2023,19,,,,Unknown,,,,,,,,,,,,Medium Priority,,Unassigned
S12000034,nan,2005,2023,19,,,,Unknown,,,,,,,,,,,,Medium Priority,,Unassigned
S12000035,nan,2005,2023,19,,,,Unknown,,,,,,,,,,,,Medium Priority,,Unassigned
S12000036,nan,2005,2023,19,,,,Unknown,,,,,,,,,,,,Medium Priority,,Unassigned
S12000038,nan,2005,2023,19,,,,Unknown,,,,,,,,,,,,Medium Priority,,Unassigned
S12000039,nan,2005,2023,19,,,,Unknown,,,,,,,,,,,,Medium Priority,,Unassigned
S12000040,nan,2005,2023,19,,,,Unknown,,,,,,,,,,,,Medium Priority,,Unassigned
S12000041,nan,2005,2023,19,,,,Unknown,,,,,,,,,,,,Medium Priority,,Unassigned
S12000042,nan,2005,2023,19,,,,Unknown,,,,,,,,,,,,Medium Priority,,Unassigned
S12000045,nan,2005,2023,19,,,,Unknown,,,,,,,,,,,,Medium Priority,,Unassigned
S12000047,nan,2005,2023,19,,,,Unknown,,,,,,,,,,,,Medium Priority,,Unassigned
S12000048,nan,2005,2023,19,,,,Unknown,,,,,,,,,,,,Medium Priority,,Unassigned
S12000049,nan,2005,2023,19,,,,Unknown,,,,,,,,,,,,Medium Priority,,Unassigned
S12000050,nan,2005,2023,19,,,,Unknown,,,,,,,,,,,,Medium Priority,,Unassigned
S92000003,nan,2005,2023,19,,,,Unknown,,,,,,,,,,,,Medium Priority,,Unassigned
UNALLOCATED,nan,2005,2023,19,,,,Unknown,,,,,,,,,,,,Medium Priority,,Unassigned
W06000001,Isle of Anglesey,2005,2023,19,,15.887979256112716,,Unknown,12.342521200170165,19.43343731205527,,14.779874213836477,33.0188679245283,60.37735849056604,,272,214,127,,High Priority,,Unassigned
W06000002,Gwynedd,2005,2023,19,,17.982929107294048,,Unknown,13.663295645499762,22.302562569088334,,22.955974842767297,66.0377358490566,70.75471698113208,,246,109,94,,High Priority,,Unassigned
W06000003,Conwy,2005,2023,19,,17.93138320498488,,Unknown,12.592667804187194,23.270098605782565,,22.641509433962266,40.25157232704403,72.95597484276729,,247,191,87,,High Priority,,Unassigned
W06000004,Denbighshire,2005,2023,19,,16.315129355234834,,Unknown,13.511809318289902,19.118449392179766,,17.92452830188679,59.43396226415094,59.11949685534591,,262,130,131,,High Priority,,Unassigned
W06000005,Flintshire,2005,2023,19,,19.31916211368629,,Unknown,14.412754567406648,24.225569659965934,,28.930817610062892,85.53459119496856,75.15723270440252,,227,47,80,,High Priority,,Unassigned
W06000006,Wrexham,2005,2023,19,,15.369307244275495,,Unknown,13.540014685659582,17.198599802891408,,12.264150943396226,60.691823899371066,47.48427672955975,,280,126,168,,High Priority,,Unassigned
W06000008,Ceredigion,2005,2023,19,,18.406603168504148,,Unknown,15.706642053903526,21.106564283104774,,24.842767295597483,94.65408805031447,65.72327044025157,,240,18,110,,High Priority,,Unassigned
W06000009,Pembrokeshire,2005,2023,19,,17.166389330666178,,Unknown,16.292569305844868,18.040209355487487,,19.81132075471698,96.85534591194968,52.51572327044025,,256,11,152,,High Priority,,Unassigned
W06000010,Carmarthenshire,2005,2023,19,,19.04602023282231,,Unknown,15.71857935596599,22.373461109678633,,27.67295597484277,94.9685534591195,71.0691823899371,,231,17,93,,High Priority,,Unassigned
W06000011,Swansea,2005,2023,19,,14.677810590911372,,Unknown,13.976522312762068,15.379098869060677,,11.320754716981133,74.84276729559748,39.937106918238996,,283,81,192,,High Priority,,Unassigned
W06000012,Neath Port Talbot,2005,2023,19,,24.975695406632212,,Unknown,30.148795570457064,19.802595242807364,,50.0,100.0,61.0062893081761,,160,1,125,,Medium Priority,,Unassigned
W06000013,Bridgend,2005,2023,19,,17.41796582698906,,Unknown,14.700098924446149,20.135832729531973,,21.069182389937108,88.0503144654088,62.893081761006286,,252,39,119,,High Priority,,Unassigned
W06000014,Vale of Glamorgan,2005,2023,19,,16.119679835276052,,Unknown,14.949535562303677,17.28982410824843,,16.666666666666664,89.62264150943396,48.113207547169814,,266,34,166,,High Priority,,Unassigned
W06000015,Cardiff,2005,2023,19,,16.256496371317176,,Unknown,13.792256192733031,18.720736549901318,,17.61006289308176,69.18238993710692,56.60377358490566,,263,99,139,,High Priority,,Unassigned
W06000016,Rhondda Cynon Taf,2005,2023,19,,16.50186954633437,,Unknown,14.096614070634299,18.907125022034435,,18.553459119496853,78.61635220125787,57.54716981132076,,260,69,136,,High Priority,,Unassigned
W06000018,Caerphilly,2005,2023,19,,13.459145708849535,,Unknown,13.004411325465103,13.913880092233967,,8.176100628930817,48.42767295597484,37.42138364779874,,293,165,200,,High Priority,,Unassigned
W06000019,Blaenau Gwent,2005,2023,19,,11.753199399052079,,Unknown,11.543384105220206,11.963014692883952,,4.40251572327044,21.38364779874214,29.874213836477985,,305,251,224,,High Priority,,Unassigned
W06000020,Torfaen,2005,2023,19,,13.88398855777469,,Unknown,12.261316728329938,15.506660387219444,,10.377358490566039,31.132075471698112,40.56603773584906,,286,220,190,,High Priority,,Unassigned
W06000021,Monmouthshire,2005,2023,19,,26.14609884894704,,Unknown,15.722920854755959,36.56927684313813,,55.0314465408805,95.28301886792453,93.39622641509435,,144,16,22,,Medium Priority,,Unassigned
W06000022,Newport,2005,2023,19,,19.998004261642315,,Unknown,12.858735786412403,27.13727273687223,,31.446540880503143,44.65408805031446,82.38993710691824,,219,177,57,,Medium Priority,,Unassigned
W06000023,Powys,2005,2023,19,,20.459686785797956,,Unknown,15.931815281020366,24.98755829057555,,34.276729559748425,96.22641509433963,76.72955974842768,,210,13,75,,Medium Priority,,Unassigned
W06000024,Merthyr Tydfil,2005,2023,19,,12.948929636184474,,Unknown,11.010709737299148,14.887149535069799,,7.547169811320755,13.836477987421384,39.308176100628934,,295,275,194,,High Priority,,Unassigned
W92000004,nan,2005,2023,19,,,,Unknown,,,,,,,,,,,,Medium Priority,,Unassigned
